family,configuration,trial,state,parameters,cv_average_precision_mean,cv_average_precision_sd,cv_roc_auc_mean,cv_roc_auc_sd,cv_brier_mean,cv_brier_sd,cv_recall_mean,cv_recall_sd,cv_precision_mean,cv_precision_sd,cv_f1_mean,cv_f1_sd,cv_ap_min,cv_ap_max,duration_seconds,mlflow_run_id
logistic,raw,0,COMPLETE,"{""C"": 1.0}",0.21219133414796953,0.00826527951599801,0.6577898526673206,0.008965792036456265,0.09511727845342585,0.0005498172942667249,0.02009067148753092,0.0035228287207125534,0.48775282688326166,0.09314712905634322,0.03851745013679099,0.006478159387066,0.20493095936758318,0.22646639740717606,1.784931,f272f482aa394b68a279c938f4178cda
logistic,raw,1,COMPLETE,"{""C"": 0.07459343285726547}",0.21243373866277068,0.0074634471345649605,0.6590708674621679,0.007761520611298767,0.0950940603300888,0.0004946003000365272,0.019099971871618465,0.002827236189268522,0.4965677830940988,0.09240364023234397,0.036708709764934934,0.005115947723127993,0.20518619012302824,0.22509270469224718,1.814534,cc64e2d84952443bb9c1c58291b443eb
logistic,raw,2,COMPLETE,"{""C"": 56.69849511478853}",0.21212173124566785,0.008431978139723524,0.6574505926001479,0.009004692722294995,0.095121217772754,0.0005588103523101241,0.02009067148753092,0.0035228287207125534,0.49180100687489847,0.09523098162727144,0.03852681352578983,0.0064714668972455855,0.20456502178810107,0.22664007839041486,1.742531,3e0144e0a8744dfdb3c8dcb6dd64408b
logistic,raw,3,COMPLETE,"{""C"": 4.570563099801454}",0.21214130383407387,0.008371615527877782,0.6575654177548167,0.008943202809938551,0.09512049463806257,0.000555127312830163,0.02009067148753092,0.0035228287207125534,0.4893520272830617,0.09144132429505175,0.0385212031810622,0.006468755381115171,0.2047416741216904,0.22658458093159903,1.769726,e23daee92c8e41da9d93ce889db942d8
logistic,raw,4,COMPLETE,"{""C"": 0.9846738873614568}",0.21217667723672062,0.008276819882278798,0.6577740569648602,0.008917410235827672,0.09511601452422759,0.0005496001008726774,0.02009067148753092,0.0035228287207125534,0.4929892629210915,0.09999246215710067,0.03852759203244193,0.006476021033480862,0.2048641062061189,0.22645918240536173,1.740924,18a3b1343a92425d9063d72ff5123dc4
logistic,raw,5,COMPLETE,"{""C"": 0.006026889128682512}",0.21063592609623644,0.006391863197698467,0.6585903453549141,0.007265690762089956,0.09520521850511235,0.00040879123295434146,0.017826486925307635,0.002708912980505622,0.5198908281261222,0.11308941719191316,0.0343899964263679,0.004902598358536211,0.20190964415179508,0.21995499398546264,1.596859,126bbab2db69478f90bb5f7ca3ed6804
logistic,raw,6,COMPLETE,"{""C"": 0.0060252157362038605}",0.21063996102121663,0.00639133316108486,0.6585875785342117,0.007263725533748438,0.09520526553634881,0.00040878154902825693,0.017826486925307635,0.002708912980505622,0.5198908281261222,0.11308941719191316,0.0343899964263679,0.004902598358536211,0.201909125923761,0.21995296758775504,1.604729,8ece71cc57a840cf9ab5ee5bffc579a0
logistic,raw,7,COMPLETE,"{""C"": 0.0019517224641449498}",0.20785876000144846,0.006287715798169018,0.6565904996333286,0.007595741506986224,0.0953962406877489,0.0003733656059718854,0.01612857373089447,0.0025170119158144633,0.5440840336134454,0.15125118552060918,0.031235867804514556,0.004564887848869625,0.198315930892155,0.2156816442300972,1.553477,411caeaf2f6a4132b004a267c5c48c32
logistic,raw,8,COMPLETE,"{""C"": 21.42302175774107}",0.2121605129174749,0.008401399883568122,0.6575855534670574,0.009010886727752722,0.09512116675785744,0.0005568971032902461,0.02009067148753092,0.0035228287207125534,0.49180100687489847,0.09523098162727144,0.03852681352578983,0.0064714668972455855,0.20476241649993154,0.22666532951179302,1.731159,146b45bcad154c55a46315f5a10ec036
logistic,raw,9,COMPLETE,"{""C"": 1.0129197956845737}",0.2121887490111391,0.008316357012167892,0.6578157031787452,0.008990785580592292,0.09511607759643077,0.000549011960398661,0.02009067148753092,0.0035228287207125534,0.4902018064750984,0.09692060022077799,0.03852306048151863,0.006480871029834693,0.20484474106558398,0.22654062017877571,1.719036,461fca5262c64b2cbb55c819fe3b425e
logistic,raw,10,COMPLETE,"{""C"": 0.03603517820107174}",0.21241546993581997,0.007201367958173151,0.6591872554068917,0.0075197195696246125,0.09509339391560925,0.0004764383039266861,0.019382957404020656,0.002672799882119529,0.5153133717278455,0.10324686796155375,0.03727963223817145,0.004813692060376718,0.20474540181037204,0.22433517869597858,1.73663,17273b75ddda40fabaf602b62e9b73e9
logistic,raw,11,COMPLETE,"{""C"": 0.04380243206720742}",0.21240287093231297,0.0073244289020493875,0.6591487498639234,0.0075357658385292285,0.09509416810002994,0.000484582197575604,0.019383057505022568,0.002765599930012113,0.5105703187282135,0.0980147411114955,0.03726865554386979,0.004999657491671767,0.2047914302828497,0.2246141034898848,1.746826,eb4e5a9165774c16bfd6e65256ccbb75
logistic,raw,12,COMPLETE,"{""C"": 0.09988151348099303}",0.21243439033055395,0.007680025338909843,0.6588757734215117,0.007950343496692016,0.09509313803718959,0.0005076203361114948,0.019383057505022568,0.002765599930012113,0.4951890339659891,0.09218292165918922,0.03722891958774342,0.005003106700242338,0.20512081532132576,0.2255139300514307,1.788931,53058e6eaa1f4a27a1f961bc2319e268
logistic,raw,13,COMPLETE,"{""C"": 0.10078914959537236}",0.21235080088900532,0.007656541476781617,0.6587819842171921,0.00800104727910955,0.09509841218990961,0.000507856044676345,0.019241514688320516,0.0028010617063171307,0.5002417210963951,0.09609610364677623,0.0369740152331959,0.005047101086442638,0.2051223560772879,0.22541589450681399,1.816633,a12988cb11dc48c2bb2c9c902da468a1
logistic,raw,14,COMPLETE,"{""C"": 0.15664268600857326}",0.2122152777640623,0.007984187526191922,0.6582793427426885,0.00854618591527594,0.09510796147535147,0.000525784894465701,0.01966624323942858,0.0029342476257705184,0.49661156186612565,0.09770895659865847,0.03776008688315605,0.005370703323517719,0.2047281666375534,0.22585824190461268,1.881936,b386439b7c5f4a88918d66d3c64e1fec
boosting,raw,0,COMPLETE,"{""l2_regularization"": 1.0, ""learning_rate"": 0.05, ""max_iter"": 150, ""max_leaf_nodes"": 15, ""min_samples_leaf"": 30}",0.21877153772828156,0.004638309492506495,0.6625959633363502,0.008112959768546178,0.0945106119450717,0.00032633387531480734,0.009194877631530214,0.006103185005935776,0.5212979863827322,0.14615047663933708,0.017943150707659367,0.011656357248825439,0.21134677648476624,0.2230343436222894,3.490265,191a1e111c7543499cfe12b9b5a54c51
boosting,raw,1,COMPLETE,"{""l2_regularization"": 10.0, ""learning_rate"": 0.04890900982059251, ""max_iter"": 75, ""max_leaf_nodes"": 15, ""min_samples_leaf"": 50}",0.21947897320072918,0.005061573156216816,0.6634623419626227,0.008130396672287649,0.09448896240892996,0.0003124088855984877,0.005516366013307427,0.007236339616731698,0.44452380952380954,0.30645872497512405,0.010733769983429644,0.01390613885288121,0.21192592033169386,0.22561222101157846,2.734995,4a7f5b7d0f1d4b8cb0d9a58d98796478
boosting,raw,2,COMPLETE,"{""l2_regularization"": 0.1, ""learning_rate"": 0.04212698016841976, ""max_iter"": 75, ""max_leaf_nodes"": 7, ""min_samples_leaf"": 50}",0.21842488309960592,0.005524028462011967,0.6621204998487353,0.007923288481887667,0.09462214722233371,0.0002864159812115362,0.002404526166902405,0.004626712088768353,0.2833333333333333,0.4393808775488023,0.0047029027858951885,0.009020188261378417,0.2105853138684825,0.2261214303713495,2.470319,6d110f28f7dd4b8989a041ac51911247
boosting,raw,3,COMPLETE,"{""l2_regularization"": 0.0, ""learning_rate"": 0.08518768058262832, ""max_iter"": 300, ""max_leaf_nodes"": 15, ""min_samples_leaf"": 100}",0.2128507698975079,0.004707624975031985,0.6561619432993522,0.007743907121964325,0.09495353117812859,0.00032963567591660773,0.01669434459369504,0.0046517109800475916,0.4829614292303274,0.07026405265349014,0.032171861090507375,0.008546451144828267,0.20709714766696702,0.21820231377463536,4.715716,5422611e7b7c4216b42a4c7b59a9dc1c
boosting,raw,4,COMPLETE,"{""l2_regularization"": 1.0, ""learning_rate"": 0.035517657756655226, ""max_iter"": 300, ""max_leaf_nodes"": 31, ""min_samples_leaf"": 100}",0.2160268028126234,0.0060254145153249014,0.6596521999590481,0.008445215968080863,0.09472070884022124,0.00040231858117319234,0.01372334685697869,0.003954961956155904,0.4957232350982351,0.043152457010854586,0.026639030003113972,0.007361688336412913,0.2087573771826367,0.22369473036772303,5.840533,6d6d4660e3ba4fb18e33e542450ede59
boosting,raw,5,COMPLETE,"{""l2_regularization"": 30.0, ""learning_rate"": 0.09956460917497797, ""max_iter"": 200, ""max_leaf_nodes"": 7, ""min_samples_leaf"": 100}",0.21831231753828567,0.0039884037050183455,0.6621102926054449,0.008252992324275019,0.09455464875592376,0.00032245145490459486,0.012024732955552153,0.006061693031284368,0.539214257964258,0.14820479694052935,0.023397757065223714,0.011472699682495112,0.21200000179442802,0.22254226846487568,3.170138,6814ba5d5d5842ca8d03b9daf284eff1
boosting,raw,6,COMPLETE,"{""l2_regularization"": 10.0, ""learning_rate"": 0.06056025140858027, ""max_iter"": 75, ""max_leaf_nodes"": 7, ""min_samples_leaf"": 20}",0.2185637976028269,0.005514701954475414,0.6626416381709673,0.008022650018707226,0.09456332692361,0.0003153744023216537,0.006082136876107992,0.007187785333414113,0.5892592592592593,0.3802893995825314,0.011861714522414756,0.013845672262975148,0.21040010470529563,0.22575971110216916,2.261491,0c03db04a6524b05a2a0a9633c1a2c00
boosting,raw,7,COMPLETE,"{""l2_regularization"": 0.1, ""learning_rate"": 0.07777211931842233, ""max_iter"": 200, ""max_leaf_nodes"": 15, ""min_samples_leaf"": 200}",0.21484046360062053,0.004443768327148071,0.6597498623525715,0.007875803892837823,0.09477490411320011,0.00032735386471212553,0.011317319175047625,0.0054532498039265255,0.48234265734265735,0.12101476391027005,0.02199342524874756,0.010250271704996884,0.20766945668673997,0.21910523130890738,3.763921,3d5ba9253bae4a7f851ff49eb04a9719
boosting,raw,8,COMPLETE,"{""l2_regularization"": 10.0, ""learning_rate"": 0.04577788000756166, ""max_iter"": 75, ""max_leaf_nodes"": 7, ""min_samples_leaf"": 200}",0.21829769333559373,0.005546328863961944,0.6625918472386981,0.007711877388384091,0.09461617247727766,0.0002803992787468991,0.003818953323903819,0.005692959490098475,0.24,0.34532593299664016,0.007476401125878024,0.01110036479482804,0.21009647149290978,0.2255755078279896,2.323614,c258bea276e846ef9dcf6c1f16aef78a
boosting,raw,9,COMPLETE,"{""l2_regularization"": 30.0, ""learning_rate"": 0.03241082863144868, ""max_iter"": 125, ""max_leaf_nodes"": 15, ""min_samples_leaf"": 200}",0.21882571067918719,0.0053330350876637156,0.6637853448081195,0.008483021632295657,0.09451137085856649,0.0002975537704040855,0.004667809820108489,0.006396149427402076,0.3746794871794872,0.3625062345016938,0.00911360917871105,0.012393618898465165,0.2114707203629212,0.22574554870902025,3.209343,a589299b9cf54463947cde87137182b3
boosting,raw,10,COMPLETE,"{""l2_regularization"": 10.0, ""learning_rate"": 0.12313216360120625, ""max_iter"": 75, ""max_leaf_nodes"": 31, ""min_samples_leaf"": 50}",0.21822222495212804,0.004898085004394331,0.6599275635291756,0.007990407040879095,0.09462283459994318,0.0003819129358908445,0.012307918689958168,0.005535041747270527,0.5279391916944753,0.13121232423612594,0.02396294014016348,0.010495620127328362,0.2104603467751005,0.22249166607586224,2.6561,6875da7809b6468ab516586aef1010f4
boosting,raw,11,COMPLETE,"{""l2_regularization"": 30.0, ""learning_rate"": 0.033295834113427666, ""max_iter"": 125, ""max_leaf_nodes"": 15, ""min_samples_leaf"": 200}",0.21882878928940733,0.004918809072488898,0.6636610095301807,0.00800917732524059,0.09451217733656074,0.0002881396844546558,0.005657908830009479,0.008171171336257558,0.33714285714285713,0.3387552243742026,0.01100235561609724,0.015757261899084756,0.2119286957042339,0.22482490661919205,3.232059,b2b700b4dc6744b6a1fa41c6693540d1
boosting,raw,12,COMPLETE,"{""l2_regularization"": 10.0, ""learning_rate"": 0.04180243144546529, ""max_iter"": 75, ""max_leaf_nodes"": 15, ""min_samples_leaf"": 50}",0.21973304026808851,0.005286131050498469,0.6636194713097973,0.007860986117116687,0.09449601875472566,0.00029262010467213077,0.0036776107092055888,0.005035564987024721,0.33421052631578946,0.32836791068029614,0.007214943190513222,0.009833009346945818,0.21197002307284735,0.22672913945471096,2.553529,44a0466e5116468883fe594946bfa7d2
boosting,raw,13,COMPLETE,"{""l2_regularization"": 30.0, ""learning_rate"": 0.08037348550352696, ""max_iter"": 75, ""max_leaf_nodes"": 15, ""min_samples_leaf"": 50}",0.21944974514526785,0.005094990249778298,0.6639256207374998,0.008229897391711738,0.09446248615694261,0.0003388312945456214,0.008912092301131842,0.0063365054643034985,0.5257645541635962,0.1994792024377825,0.017392825559888532,0.012081616482799649,0.2111132145849174,0.22483354515072382,2.542004,750929dc534641dca0321642c83396eb
boosting,raw,14,COMPLETE,"{""l2_regularization"": 30.0, ""learning_rate"": 0.04938583890481199, ""max_iter"": 75, ""max_leaf_nodes"": 15, ""min_samples_leaf"": 50}",0.22020666333049244,0.00527217422840228,0.6638683038108647,0.008214483784095531,0.09448797577578875,0.000290477744976652,0.0026874115983026876,0.004594167402803879,0.23894736842105263,0.357189708046895,0.005259786020885387,0.00894903835578303,0.2123828582311863,0.22711069563627403,2.553088,bd3692dc69454fdd96b47988e1ea4247
boosting,raw,15,COMPLETE,"{""l2_regularization"": 30.0, ""learning_rate"": 0.029520871277922144, ""max_iter"": 75, ""max_leaf_nodes"": 31, ""min_samples_leaf"": 50}",0.218421066894056,0.004926307835385911,0.6625488055973178,0.008156525807931487,0.09463562518354976,0.00023128775951678974,0.0,0.0,0.0,0.0,0.0,0.0,0.21121386029962674,0.22489273857631822,2.893337,6b31f23ce2eb43eda105d0e1e06feabd
boosting,raw,16,COMPLETE,"{""l2_regularization"": 10.0, ""learning_rate"": 0.032498452018567506, ""max_iter"": 150, ""max_leaf_nodes"": 15, ""min_samples_leaf"": 50}",0.2195335170491571,0.005430978972261321,0.663514022747097,0.008136655416766411,0.09447809511898526,0.00034222542051936253,0.008487363750023773,0.0066335045584770555,0.5073663624511082,0.19559262111331163,0.0165539620131142,0.012699092878886584,0.2112185915500711,0.2260647164195791,3.37054,47fdcdd17a164fdb974ce87de5b76fbc
boosting,raw,17,COMPLETE,"{""l2_regularization"": 30.0, ""learning_rate"": 0.050755371445797115, ""max_iter"": 150, ""max_leaf_nodes"": 15, ""min_samples_leaf"": 50}",0.218938956595537,0.00502428662803718,0.6638278014366271,0.008409471178559728,0.09447506716460005,0.0003450517308077782,0.010185076742433116,0.006176172282262515,0.53002331002331,0.19606760226842138,0.01985916893345055,0.011810971802251194,0.21098577788573375,0.22460993647679894,3.328781,36c80bc004f44476b473b5a7e4cfdb02
boosting,raw,18,COMPLETE,"{""l2_regularization"": 0.0, ""learning_rate"": 0.026985198510014623, ""max_iter"": 75, ""max_leaf_nodes"": 15, ""min_samples_leaf"": 100}",0.21861014488640224,0.005203473184094726,0.6624262667420663,0.007973754689863635,0.09464084276235714,0.0002481913626146247,0.0018387553041018388,0.00411158185396001,0.08666666666666667,0.19379255804998177,0.0036011080332409976,0.008052322356647443,0.21139209083478566,0.22580852695101852,2.561608,12a7c8ae5bf1437ea628520b72bc4d80
boosting,raw,19,COMPLETE,"{""l2_regularization"": 30.0, ""learning_rate"": 0.11689408032079947, ""max_iter"": 150, ""max_leaf_nodes"": 15, ""min_samples_leaf"": 50}",0.21816749860529977,0.0037868227796992483,0.6619000634679413,0.007583749680948823,0.09454983852905408,0.00031340967218060226,0.012024933157555973,0.004662231789754376,0.5377941302301703,0.09174407890742296,0.023442057290751626,0.008831990091639848,0.2116198569777593,0.22123113219978296,3.137178,f90970f99b5e424bba542499a847ab63
boosting,raw,20,COMPLETE,"{""l2_regularization"": 30.0, ""learning_rate"": 0.047552248334750226, ""max_iter"": 125, ""max_leaf_nodes"": 31, ""min_samples_leaf"": 20}",0.218937709452688,0.005172338996316702,0.6626009950115526,0.008334385713499303,0.09448680999380928,0.0003548874504537397,0.008063235804927172,0.00631673036958807,0.5358606305974727,0.19716170885929118,0.01575587487280592,0.012105572382141468,0.21010187382739565,0.2234793367251719,3.624389,3bfc2344cc0e4e039f4499a09b1cdbde
boosting,raw,21,COMPLETE,"{""l2_regularization"": 10.0, ""learning_rate"": 0.026370362958295087, ""max_iter"": 150, ""max_leaf_nodes"": 15, ""min_samples_leaf"": 50}",0.21994634472247526,0.005248851883592392,0.6638745316241121,0.008011940963325848,0.09447010147121451,0.00032423029118192927,0.006223879894813867,0.006936142376600044,0.5399415204678363,0.20654263761717415,0.012126825709365942,0.013301877179227931,0.21202073431055152,0.22638328153059686,3.462404,dccf580dd8a848eaaaf43983b0029a66
boosting,raw,22,COMPLETE,"{""l2_regularization"": 10.0, ""learning_rate"": 0.02691310346739986, ""max_iter"": 75, ""max_leaf_nodes"": 15, ""min_samples_leaf"": 50}",0.21815663345262992,0.005603728466831987,0.6622899215046069,0.007878911125775592,0.09469673344325617,0.00025554817414998976,0.0,0.0,0.0,0.0,0.0,0.0,0.21076583624700548,0.22621749062599183,2.637812,20382702ebec4fe485dc1fed7c9ef527
boosting,raw,23,COMPLETE,"{""l2_regularization"": 10.0, ""learning_rate"": 0.06570167820577272, ""max_iter"": 200, ""max_leaf_nodes"": 15, ""min_samples_leaf"": 50}",0.21972263445613233,0.004363785151627563,0.6627355562231547,0.008779199485581955,0.09449236072002407,0.00036844639951038043,0.010610005495545005,0.004948600545502107,0.5088177339901477,0.1484271186428387,0.020699806219083506,0.009399406079773088,0.21245072330206974,0.22379678106653664,4.05205,6707de3696e246789f7b4a59245a7f36
boosting,raw,24,COMPLETE,"{""l2_regularization"": 10.0, ""learning_rate"": 0.03738165219785298, ""max_iter"": 75, ""max_leaf_nodes"": 15, ""min_samples_leaf"": 100}",0.21950164729314983,0.005359933431636141,0.6632196460678326,0.008125779286781487,0.09452712136014135,0.00030078624044416115,0.0028288543140028285,0.004359557286399559,0.23235294117647057,0.3398936328631351,0.005555167027997296,0.0085269347546585,0.2125057921865148,0.2272208758009712,2.790374,57c389b8c8cd425ba10c79ab146e789e
boosting,raw,25,COMPLETE,"{""l2_regularization"": 0.0, ""learning_rate"": 0.02558813965129123, ""max_iter"": 150, ""max_leaf_nodes"": 7, ""min_samples_leaf"": 50}",0.21896786649848088,0.0053169007599373885,0.6623580024727592,0.007769071724882322,0.09457342151454182,0.0002994818207849686,0.004101838755304102,0.006050707110666885,0.24221824686940968,0.35128629754862484,0.008019281058168789,0.011780338720291729,0.21102368617365624,0.22579520972960143,3.247724,bc30256e0caf43009fe53d6a405d8eda
boosting,raw,26,COMPLETE,"{""l2_regularization"": 0.0, ""learning_rate"": 0.04339135284182621, ""max_iter"": 75, ""max_leaf_nodes"": 15, ""min_samples_leaf"": 20}",0.22006329271082428,0.006051517024180589,0.6631068374864336,0.008010182339948876,0.09448912205533655,0.0003266054184900333,0.005657908830009479,0.005831620137616329,0.5349999999999999,0.23395749851439065,0.011090557728912334,0.011296923137322532,0.21086411148092815,0.22702499107650426,2.713865,271639afaa9540ddb92e1e71e6572ddf
boosting,raw,27,COMPLETE,"{""l2_regularization"": 0.0, ""learning_rate"": 0.06050173215567547, ""max_iter"": 75, ""max_leaf_nodes"": 15, ""min_samples_leaf"": 20}",0.21963083523603313,0.005374854424170514,0.6632270607629044,0.007973555567300368,0.09447428350136255,0.0003285886046953714,0.0059411946654174055,0.00528230014349004,0.5571581359816653,0.19913460341082162,0.011636825194340918,0.010139738582508528,0.21144740585110586,0.22618362974367548,2.432891,2efa5a89214b427fada23f199b84ac3e
boosting,raw,28,COMPLETE,"{""l2_regularization"": 0.0, ""learning_rate"": 0.035625823589114404, ""max_iter"": 200, ""max_leaf_nodes"": 15, ""min_samples_leaf"": 50}",0.21963894362919506,0.004697012285454123,0.6623979511668013,0.007991161416114589,0.0944764342146945,0.0003280001005748804,0.009902591715040477,0.006324419735645408,0.5131249407975751,0.11131483553450922,0.01930022065164095,0.012006463211260338,0.21169504455700122,0.22322785908972198,3.722445,1577d9d948e24e4ab2a3cb29ed16681d
boosting,raw,29,COMPLETE,"{""l2_regularization"": 0.0, ""learning_rate"": 0.040124910766420496, ""max_iter"": 125, ""max_leaf_nodes"": 15, ""min_samples_leaf"": 20}",0.2196867646888287,0.00519257274202514,0.662872217299773,0.007956020838241325,0.09447197605395918,0.00033584273875825416,0.007073036694024271,0.005634858384344298,0.5218518518518519,0.16076164738591475,0.01383715897067824,0.010793104785987126,0.2114856348286728,0.22504860068678206,3.003794,1a2a1230987a4033961e81a3823fdb42
