model,threshold,recall,precision,f1,specificity,tn,fp,fn,tp,encounters_flagged,encounter_fraction_flagged,patients_flagged,patient_fraction_flagged
logistic__uncalibrated,0.0,1.0,0.11030169242089771,0.19868778580422825,0.0,0,12091,0,1499,13590,1.0,9757,1.0
logistic__uncalibrated,0.01,1.0,0.11030169242089771,0.19868778580422825,0.0,0,12091,0,1499,13590,1.0,9757,1.0
logistic__uncalibrated,0.02,1.0,0.11030169242089771,0.19868778580422825,0.0,0,12091,0,1499,13590,1.0,9757,1.0
logistic__uncalibrated,0.03,1.0,0.11030169242089771,0.19868778580422825,0.0,0,12091,0,1499,13590,1.0,9757,1.0
logistic__uncalibrated,0.04,1.0,0.11048054245283019,0.19897789871905489,0.0018195351914647257,22,12069,0,1499,13568,0.9983811626195732,9737,0.9979501896074613
logistic__uncalibrated,0.05,0.9953302201467645,0.11153472377962174,0.2005915568701264,0.01703746588371516,206,11885,7,1492,13377,0.984326710816777,9577,0.9815517064671518
logistic__uncalibrated,0.06,0.981320880587058,0.11411947245927075,0.2044617416081729,0.055578529484740714,672,11419,28,1471,12890,0.9484915378955114,9157,0.9385056882238393
logistic__uncalibrated,0.07,0.9279519679786524,0.12007941988950276,0.2126423603149125,0.15697626333636588,1898,10193,108,1391,11584,0.8523914643119941,8103,0.8304806805370504
logistic__uncalibrated,0.08,0.8405603735823882,0.1352511807642765,0.23300970873786409,0.33371929534364403,4035,8056,239,1260,9316,0.685504047093451,6373,0.6531720815824537
logistic__uncalibrated,0.09,0.7078052034689793,0.15457459207459207,0.2537366973574076,0.5200562401786453,6288,5803,438,1061,6864,0.5050772626931568,4510,0.46223224351747466
logistic__uncalibrated,0.1,0.6064042695130086,0.16307857911733045,0.2570337904708045,0.6141758332644115,7426,4665,590,909,5574,0.4101545253863135,3608,0.3697857948139797
logistic__uncalibrated,0.11,0.5150100066711141,0.1770236184361385,0.26348122866894197,0.7031676453560499,8502,3589,727,772,4361,0.32089771891096397,2803,0.28728092651429743
logistic__uncalibrated,0.12,0.44229486324216144,0.18755304101838755,0.2634088200238379,0.7624679513687868,9219,2872,836,663,3535,0.2601177336276674,2266,0.2322435174746336
logistic__uncalibrated,0.13,0.3669112741827885,0.19826964671953856,0.25743037678446057,0.8160615333719295,9867,2224,949,550,2774,0.2041206769683591,1770,0.18140821973967408
logistic__uncalibrated,0.14,0.2935290193462308,0.20229885057471264,0.23952095808383234,0.8565048383094864,10356,1735,1059,440,2175,0.1600441501103753,1379,0.14133442656554268
logistic__uncalibrated,0.15,0.2675116744496331,0.21996708721886998,0.24142083082480434,0.8823918617153255,10669,1422,1098,401,1823,0.13414275202354672,1144,0.11724915445321307
logistic__uncalibrated,0.16,0.23815877251501,0.2265228426395939,0.23219512195121952,0.8991812091638409,10872,1219,1142,357,1576,0.11596762325239146,1007,0.10320795326432305
logistic__uncalibrated,0.17,0.2134756504336224,0.237741456166419,0.22495606326889278,0.9151434951616905,11065,1026,1179,320,1346,0.09904341427520236,864,0.08855180895767141
logistic__uncalibrated,0.18,0.1934623082054703,0.2523933855526545,0.2190332326283988,0.9289554213878091,11232,859,1209,290,1149,0.08454746136865342,741,0.07594547504355847
logistic__uncalibrated,0.19,0.17745163442294865,0.26310583580613256,0.21195219123505976,0.9383839219253991,11346,745,1233,266,1011,0.07439293598233995,647,0.06631136619862663
logistic__uncalibrated,0.2,0.16210807204803201,0.2682119205298013,0.2020790020790021,0.9451658258208585,11428,663,1256,243,906,0.06666666666666667,588,0.06026442554063749
logistic__uncalibrated,0.21,0.15076717811874582,0.28607594936708863,0.19746614242027086,0.9533537341824497,11527,564,1273,226,790,0.058130978660779986,513,0.0525776365686174
logistic__uncalibrated,0.22,0.13542361574382922,0.29124820659971307,0.1848816029143898,0.9591431643371102,11597,494,1296,203,697,0.05128771155261221,453,0.046428205391001336
logistic__uncalibrated,0.23,0.12341561040693796,0.297427652733119,0.17444601603017446,0.9638574146059052,11654,437,1314,185,622,0.04576894775570272,400,0.040996207850773805
logistic__uncalibrated,0.24,0.11074049366244162,0.302367941712204,0.162109375,0.9683235464395005,11708,383,1333,166,549,0.04039735099337748,349,0.035769191349800146
logistic__uncalibrated,0.25,0.1000667111407605,0.3112033195020747,0.1514386673397274,0.9725415598378959,11759,332,1349,150,482,0.035467255334805006,298,0.030542174848826483
logistic__uncalibrated,0.26,0.0847231487658439,0.31203931203931207,0.13326337880377753,0.976842279381358,11811,280,1372,127,407,0.02994849153789551,240,0.024597724710464283
logistic__uncalibrated,0.27,0.07471647765176785,0.3227665706051873,0.12134344528710726,0.980564055909354,11856,235,1387,112,347,0.025533480500367918,201,0.020600594445013835
logistic__uncalibrated,0.28,0.06737825216811208,0.3300653594771242,0.11191135734072022,0.9830452402613514,11886,205,1398,101,306,0.022516556291390728,178,0.018243312493594344
logistic__uncalibrated,0.29,0.06004002668445631,0.33210332103321033,0.1016949152542373,0.9850301877429493,11910,181,1409,90,271,0.019941133186166297,153,0.015681049502920978
logistic__uncalibrated,0.3,0.05670446964643095,0.3359683794466403,0.09703196347031963,0.9861053676288148,11923,168,1414,85,253,0.01861662987490802,142,0.0145536537870247
logistic__uncalibrated,0.31,0.050700466977985324,0.33480176211453744,0.0880648899188876,0.9875113720949467,11940,151,1423,76,227,0.01670345842531273,126,0.012913805472993749
logistic__uncalibrated,0.32,0.04536357571714476,0.34517766497461927,0.08018867924528301,0.9893309072864114,11962,129,1431,68,197,0.014495952906548933,106,0.010863995080455057
logistic__uncalibrated,0.33,0.04136090727151434,0.34065934065934067,0.07376561570493753,0.9900752625920106,11971,120,1437,62,182,0.013392200147167035,96,0.009839089884185713
logistic__uncalibrated,0.34,0.03669112741827885,0.3353658536585366,0.0661455201443175,0.990985030187743,11982,109,1444,55,164,0.012067696835908756,84,0.008609203648662498
logistic__uncalibrated,0.35,0.030020013342228154,0.3237410071942446,0.054945054945054944,0.9922256223637417,11997,94,1454,45,139,0.010228108903605593,73,0.007481807932766219
logistic__uncalibrated,0.36,0.0266844563042028,0.31007751937984496,0.04914004914004914,0.9926391530890745,12002,89,1459,40,129,0.009492273730684326,68,0.006969355334631546
logistic__uncalibrated,0.37,0.02334889926617745,0.29411764705882354,0.04326328800988875,0.9930526838144074,12007,84,1464,35,119,0.008756438557763062,63,0.006456902736496874
logistic__uncalibrated,0.38,0.02134756504336224,0.2962962962962963,0.03982576228998133,0.99371433297494,12015,76,1467,32,108,0.007947019867549669,57,0.005841959618735267
logistic__uncalibrated,0.39,0.02068045363575717,0.32978723404255317,0.0389202762084118,0.9947895128608055,12028,63,1468,31,94,0.006916850625459897,48,0.0049195449420928565
logistic__uncalibrated,0.4,0.0200133422281521,0.3448275862068966,0.03783102143757881,0.995285749731205,12034,57,1469,30,87,0.0064017660044150115,44,0.004509582863585118
logistic__uncalibrated,0.41,0.0200133422281521,0.35714285714285715,0.03790271636133923,0.9955338681664048,12037,54,1469,30,84,0.006181015452538631,42,0.004304601824331249
logistic__uncalibrated,0.42,0.019346230820547032,0.3717948717948718,0.03677869372225745,0.9959473988917377,12042,49,1470,29,78,0.005739514348785872,39,0.003997130265450446
logistic__uncalibrated,0.43,0.01734489659773182,0.36619718309859156,0.033121019108280254,0.996278223472004,12046,45,1473,26,71,0.0052244297277409864,35,0.003587168186942708
logistic__uncalibrated,0.44,0.016010673782521682,0.36923076923076925,0.030690537084398978,0.9966090480522702,12050,41,1475,24,65,0.004782928623988227,31,0.00317720610843497
logistic__uncalibrated,0.45,0.016010673782521682,0.4,0.030788967286722257,0.9970225787776031,12055,36,1475,24,60,0.004415011037527594,29,0.0029722250691811007
logistic__uncalibrated,0.46,0.01200800533689126,0.35294117647058826,0.023225806451612905,0.9972706972128029,12058,33,1481,18,51,0.0037527593818984547,23,0.0023572819514194937
logistic__uncalibrated,0.47,0.01067378252168112,0.35555555555555557,0.02072538860103627,0.9976015217930693,12062,29,1483,16,45,0.0033112582781456954,19,0.0019473198729117556
logistic__uncalibrated,0.48,0.009339559706470981,0.3783783783783784,0.018229166666666668,0.9980977586634687,12068,23,1485,14,37,0.002722590139808683,15,0.0015373577944040177
logistic__uncalibrated,0.49,0.00733822548365577,0.3235294117647059,0.014350945857795172,0.9980977586634687,12068,23,1488,11,34,0.002501839587932303,15,0.0015373577944040177
logistic__uncalibrated,0.5,0.0066711140760507,0.3225806451612903,0.013071895424836602,0.9982631709536018,12070,21,1489,10,31,0.0022810890360559235,14,0.001434867274777083
logistic__uncalibrated,0.51,0.00600400266844563,0.3103448275862069,0.011780104712041885,0.9983458770986684,12071,20,1490,9,29,0.0021339220014716703,14,0.001434867274777083
logistic__uncalibrated,0.52,0.00600400266844563,0.34615384615384615,0.01180327868852459,0.9985939955338682,12074,17,1490,9,26,0.0019131714495952907,14,0.001434867274777083
logistic__uncalibrated,0.53,0.00533689126084056,0.3333333333333333,0.010505581089954037,0.9986767016789347,12075,16,1491,8,24,0.0017660044150110375,14,0.001434867274777083
logistic__uncalibrated,0.54,0.00533689126084056,0.34782608695652173,0.010512483574244415,0.9987594078240013,12076,15,1491,8,23,0.001692420897718911,13,0.0013323767551501487
logistic__uncalibrated,0.55,0.004669779853235491,0.35,0.009216589861751152,0.9989248201141345,12078,13,1492,7,20,0.0014716703458425313,13,0.0013323767551501487
logistic__uncalibrated,0.56,0.004669779853235491,0.3888888888888889,0.00922874093605801,0.9990902324042676,12080,11,1492,7,18,0.0013245033112582781,12,0.0012298862355232141
logistic__uncalibrated,0.57,0.004669779853235491,0.3888888888888889,0.00922874093605801,0.9990902324042676,12080,11,1492,7,18,0.0013245033112582781,12,0.0012298862355232141
logistic__uncalibrated,0.58,0.004669779853235491,0.4375,0.009240924092409241,0.9992556446944008,12082,9,1492,7,16,0.001177336276674025,10,0.0010249051962693452
logistic__uncalibrated,0.59,0.004002668445630421,0.46153846153846156,0.007936507936507936,0.999421056984534,12084,7,1493,6,13,0.0009565857247976453,8,0.0008199241570154761
logistic__uncalibrated,0.6,0.004002668445630421,0.46153846153846156,0.007936507936507936,0.999421056984534,12084,7,1493,6,13,0.0009565857247976453,8,0.0008199241570154761
logistic__uncalibrated,0.61,0.004002668445630421,0.5454545454545454,0.007947019867549669,0.9995864692746671,12086,5,1493,6,11,0.0008094186902133922,7,0.0007174336373885415
logistic__uncalibrated,0.62,0.00333555703802535,0.625,0.006635700066357001,0.9997518815648002,12088,3,1494,5,8,0.0005886681383370125,5,0.0005124525981346726
logistic__uncalibrated,0.63,0.00266844563042028,0.5714285714285714,0.005312084993359893,0.9997518815648002,12088,3,1495,4,7,0.0005150846210448859,5,0.0005124525981346726
logistic__uncalibrated,0.64,0.00266844563042028,0.6666666666666666,0.0053156146179402,0.9998345877098669,12089,2,1495,4,6,0.0004415011037527594,5,0.0005124525981346726
logistic__uncalibrated,0.65,0.00266844563042028,0.6666666666666666,0.0053156146179402,0.9998345877098669,12089,2,1495,4,6,0.0004415011037527594,5,0.0005124525981346726
logistic__uncalibrated,0.66,0.00266844563042028,0.6666666666666666,0.0053156146179402,0.9998345877098669,12089,2,1495,4,6,0.0004415011037527594,5,0.0005124525981346726
logistic__uncalibrated,0.67,0.00266844563042028,0.6666666666666666,0.0053156146179402,0.9998345877098669,12089,2,1495,4,6,0.0004415011037527594,5,0.0005124525981346726
logistic__uncalibrated,0.68,0.00266844563042028,0.6666666666666666,0.0053156146179402,0.9998345877098669,12089,2,1495,4,6,0.0004415011037527594,5,0.0005124525981346726
logistic__uncalibrated,0.69,0.0020013342228152103,0.6,0.003989361702127659,0.9998345877098669,12089,2,1496,3,5,0.0003679175864606328,4,0.00040996207850773806
logistic__uncalibrated,0.7,0.0020013342228152103,0.6,0.003989361702127659,0.9998345877098669,12089,2,1496,3,5,0.0003679175864606328,4,0.00040996207850773806
logistic__uncalibrated,0.71,0.0020013342228152103,0.6,0.003989361702127659,0.9998345877098669,12089,2,1496,3,5,0.0003679175864606328,4,0.00040996207850773806
logistic__uncalibrated,0.72,0.0020013342228152103,0.75,0.003992015968063872,0.9999172938549334,12090,1,1496,3,4,0.00029433406916850625,3,0.00030747155888080353
logistic__uncalibrated,0.73,0.00133422281521014,0.6666666666666666,0.002663115845539281,0.9999172938549334,12090,1,1497,2,3,0.0002207505518763797,2,0.00020498103925386903
logistic__uncalibrated,0.74,0.00133422281521014,0.6666666666666666,0.002663115845539281,0.9999172938549334,12090,1,1497,2,3,0.0002207505518763797,2,0.00020498103925386903
logistic__uncalibrated,0.75,0.00133422281521014,0.6666666666666666,0.002663115845539281,0.9999172938549334,12090,1,1497,2,3,0.0002207505518763797,2,0.00020498103925386903
logistic__uncalibrated,0.76,0.00133422281521014,0.6666666666666666,0.002663115845539281,0.9999172938549334,12090,1,1497,2,3,0.0002207505518763797,2,0.00020498103925386903
logistic__uncalibrated,0.77,0.00133422281521014,0.6666666666666666,0.002663115845539281,0.9999172938549334,12090,1,1497,2,3,0.0002207505518763797,2,0.00020498103925386903
logistic__uncalibrated,0.78,0.00133422281521014,1.0,0.002664890073284477,1.0,12091,0,1497,2,2,0.00014716703458425313,1,0.00010249051962693452
logistic__uncalibrated,0.79,0.00133422281521014,1.0,0.002664890073284477,1.0,12091,0,1497,2,2,0.00014716703458425313,1,0.00010249051962693452
logistic__uncalibrated,0.8,0.00133422281521014,1.0,0.002664890073284477,1.0,12091,0,1497,2,2,0.00014716703458425313,1,0.00010249051962693452
logistic__uncalibrated,0.81,0.00066711140760507,1.0,0.0013333333333333333,1.0,12091,0,1498,1,1,7.358351729212656e-05,1,0.00010249051962693452
logistic__uncalibrated,0.82,0.00066711140760507,1.0,0.0013333333333333333,1.0,12091,0,1498,1,1,7.358351729212656e-05,1,0.00010249051962693452
logistic__uncalibrated,0.83,0.00066711140760507,1.0,0.0013333333333333333,1.0,12091,0,1498,1,1,7.358351729212656e-05,1,0.00010249051962693452
logistic__uncalibrated,0.84,0.00066711140760507,1.0,0.0013333333333333333,1.0,12091,0,1498,1,1,7.358351729212656e-05,1,0.00010249051962693452
logistic__uncalibrated,0.85,0.00066711140760507,1.0,0.0013333333333333333,1.0,12091,0,1498,1,1,7.358351729212656e-05,1,0.00010249051962693452
logistic__uncalibrated,0.86,0.00066711140760507,1.0,0.0013333333333333333,1.0,12091,0,1498,1,1,7.358351729212656e-05,1,0.00010249051962693452
logistic__uncalibrated,0.87,0.00066711140760507,1.0,0.0013333333333333333,1.0,12091,0,1498,1,1,7.358351729212656e-05,1,0.00010249051962693452
logistic__uncalibrated,0.88,0.00066711140760507,1.0,0.0013333333333333333,1.0,12091,0,1498,1,1,7.358351729212656e-05,1,0.00010249051962693452
logistic__uncalibrated,0.89,0.00066711140760507,1.0,0.0013333333333333333,1.0,12091,0,1498,1,1,7.358351729212656e-05,1,0.00010249051962693452
logistic__uncalibrated,0.9,0.00066711140760507,1.0,0.0013333333333333333,1.0,12091,0,1498,1,1,7.358351729212656e-05,1,0.00010249051962693452
logistic__uncalibrated,0.91,0.00066711140760507,1.0,0.0013333333333333333,1.0,12091,0,1498,1,1,7.358351729212656e-05,1,0.00010249051962693452
logistic__uncalibrated,0.92,0.00066711140760507,1.0,0.0013333333333333333,1.0,12091,0,1498,1,1,7.358351729212656e-05,1,0.00010249051962693452
logistic__uncalibrated,0.93,0.00066711140760507,1.0,0.0013333333333333333,1.0,12091,0,1498,1,1,7.358351729212656e-05,1,0.00010249051962693452
logistic__uncalibrated,0.94,0.00066711140760507,1.0,0.0013333333333333333,1.0,12091,0,1498,1,1,7.358351729212656e-05,1,0.00010249051962693452
logistic__uncalibrated,0.95,0.0,0.0,0.0,1.0,12091,0,1499,0,0,0.0,0,0.0
logistic__uncalibrated,0.96,0.0,0.0,0.0,1.0,12091,0,1499,0,0,0.0,0,0.0
logistic__uncalibrated,0.97,0.0,0.0,0.0,1.0,12091,0,1499,0,0,0.0,0,0.0
logistic__uncalibrated,0.98,0.0,0.0,0.0,1.0,12091,0,1499,0,0,0.0,0,0.0
logistic__uncalibrated,0.99,0.0,0.0,0.0,1.0,12091,0,1499,0,0,0.0,0,0.0
logistic__uncalibrated,1.0,0.0,0.0,0.0,1.0,12091,0,1499,0,0,0.0,0,0.0
boosting__uncalibrated,0.0,1.0,0.11030169242089771,0.19868778580422825,0.0,0,12091,0,1499,13590,1.0,9757,1.0
boosting__uncalibrated,0.01,1.0,0.11030169242089771,0.19868778580422825,0.0,0,12091,0,1499,13590,1.0,9757,1.0
boosting__uncalibrated,0.02,1.0,0.11030169242089771,0.19868778580422825,0.0,0,12091,0,1499,13590,1.0,9757,1.0
boosting__uncalibrated,0.03,1.0,0.11030169242089771,0.19868778580422825,0.0,0,12091,0,1499,13590,1.0,9757,1.0
boosting__uncalibrated,0.04,0.9986657771847899,0.11078220972396952,0.19944044764188648,0.006202960879993383,75,12016,2,1497,13513,0.9943340691685063,9690,0.9931331351849954
boosting__uncalibrated,0.05,0.9926617745163442,0.1132420091324201,0.20329257462941458,0.03630799768422794,439,11652,11,1488,13140,0.9668874172185431,9369,0.9602336783847494
boosting__uncalibrated,0.06,0.9472981987991995,0.12118108892302441,0.2148747824771128,0.14829211810437515,1793,10298,79,1420,11718,0.8622516556291391,8207,0.8411396945782516
boosting__uncalibrated,0.07,0.8732488325550367,0.13139931740614336,0.22842683884477794,0.2843437267388967,3438,8653,190,1309,9962,0.7330389992641648,6820,0.6989853438556933
boosting__uncalibrated,0.08,0.7771847898599066,0.14450508558670305,0.24369835791235225,0.42957571747580847,5194,6897,334,1165,8062,0.5932303164091244,5393,0.5527313723480578
boosting__uncalibrated,0.09,0.7291527685123416,0.15299552071668532,0.2529214393150526,0.4995451162021338,6040,6051,406,1093,7144,0.5256806475349521,4688,0.48047555601106895
boosting__uncalibrated,0.1,0.657104736490994,0.16071137216511666,0.25825904562139484,0.5745595897775204,6947,5144,514,985,6129,0.4509933774834437,3946,0.40442759044788357
boosting__uncalibrated,0.11,0.5823882588392262,0.16856536010812898,0.261455525606469,0.6438673393433132,7785,4306,626,873,5179,0.3810890360559235,3308,0.33903863892589936
boosting__uncalibrated,0.12,0.5356904603068713,0.17632850241545894,0.2653229803403271,0.6897692498552642,8340,3751,696,803,4554,0.3350993377483444,2911,0.29834990263400635
boosting__uncalibrated,0.13,0.4616410940627085,0.1873308067135896,0.26651261313306374,0.7517161525101315,9089,3002,807,692,3694,0.27181751287711553,2337,0.23952034436814595
boosting__uncalibrated,0.14,0.3935957304869913,0.20443520443520444,0.2690992018244014,0.8101066909271358,9795,2296,909,590,2886,0.21236203090507727,1794,0.1838679922107205
boosting__uncalibrated,0.15,0.34623082054703136,0.2090213451469996,0.26067302862882974,0.8375651310892399,10127,1964,980,519,2483,0.18270787343635025,1552,0.15906528646100235
boosting__uncalibrated,0.16,0.2961974649766511,0.2172211350293542,0.2506350550381033,0.8676701678934745,10491,1600,1055,444,2044,0.1504047093451067,1270,0.13016295992620683
boosting__uncalibrated,0.17,0.2635090060040027,0.2329009433962264,0.24726134585289514,0.8923993052683814,10790,1301,1104,395,1696,0.12479764532744665,1039,0.10648764989238496
boosting__uncalibrated,0.18,0.2208138759172782,0.24627976190476192,0.2328526204713331,0.916218675047556,11078,1013,1168,331,1344,0.0988962472406181,811,0.08311981141744389
boosting__uncalibrated,0.19,0.1934623082054703,0.25846702317290554,0.22128958412819535,0.9311884873046067,11259,832,1209,290,1122,0.08256070640176601,676,0.06928359126780773
boosting__uncalibrated,0.2,0.16811207471647766,0.2689434364994664,0.20689655172413793,0.9433462906293938,11406,685,1247,252,937,0.06894775570272259,567,0.058112124628471866
boosting__uncalibrated,0.21,0.142761841227485,0.2772020725388601,0.18846323205636284,0.9538499710528492,11533,558,1285,214,772,0.056806475349521705,464,0.04755560110689761
boosting__uncalibrated,0.22,0.12141427618412275,0.2808641975308642,0.1695388914764788,0.9614589363989744,11625,466,1317,182,648,0.04768211920529802,388,0.03976632161525059
boosting__uncalibrated,0.23,0.11007338225483655,0.2879581151832461,0.15926640926640925,0.966255892812836,11683,408,1334,165,573,0.042163355408388524,344,0.03525673875166547
boosting__uncalibrated,0.24,0.10206804536357572,0.298828125,0.15216310293386376,0.9703084939210983,11732,359,1346,153,512,0.0376747608535688,311,0.031874551603976634
boosting__uncalibrated,0.25,0.09472981987991995,0.3008474576271186,0.14408929477422627,0.9727069721280291,11761,330,1357,142,472,0.03473142016188374,286,0.029312288613303268
boosting__uncalibrated,0.26,0.09006004002668445,0.31322505800464034,0.13989637305699482,0.9755189810602928,11795,296,1364,135,431,0.03171449595290655,265,0.027159987701137644
boosting__uncalibrated,0.27,0.08405603735823883,0.32142857142857145,0.13326282390269698,0.9780001654122902,11825,266,1373,126,392,0.028844738778513613,246,0.02521266782822589
boosting__uncalibrated,0.28,0.07071380920613743,0.31268436578171094,0.11534276387377584,0.9807294681994873,11858,233,1393,106,339,0.024944812362030905,214,0.021932971200163985
boosting__uncalibrated,0.29,0.06070713809206137,0.3116438356164384,0.10161920714684534,0.9833760648416178,11890,201,1408,91,292,0.02148638704930096,191,0.01957568924874449
boosting__uncalibrated,0.3,0.05203468979319546,0.3107569721115538,0.08914285714285715,0.9856918369034819,11918,173,1421,78,251,0.018469462840323768,172,0.017628369375832734
boosting__uncalibrated,0.31,0.04336224149432955,0.325,0.07651559741024132,0.9888346704160119,11956,135,1434,65,200,0.014716703458425313,128,0.013118786512247618
boosting__uncalibrated,0.32,0.027351567711807873,0.3082706766917293,0.05024509803921569,0.9923910346538748,11999,92,1458,41,133,0.009786607799852833,65,0.006661883775750743
boosting__uncalibrated,0.33,0.02268178785857238,0.3119266055045872,0.04228855721393035,0.9937970391200066,12016,75,1465,34,109,0.008020603384841795,51,0.00522701650097366
boosting__uncalibrated,0.34,0.022014676450967312,0.35106382978723405,0.04143126177024482,0.9949549251509388,12030,61,1466,33,94,0.006916850625459897,40,0.004099620785077381
boosting__uncalibrated,0.35,0.01667778519012675,0.32051282051282054,0.03170577045022194,0.9956165743114713,12038,53,1474,25,78,0.005739514348785872,35,0.003587168186942708
boosting__uncalibrated,0.36,0.01467645096731154,0.3235294117647059,0.028079132099553285,0.9961955173269373,12045,46,1477,22,68,0.005003679175864606,29,0.0029722250691811007
boosting__uncalibrated,0.37,0.01067378252168112,0.3137254901960784,0.02064516129032258,0.9971052849226697,12056,35,1483,16,51,0.0037527593818984547,25,0.002562262990673363
boosting__uncalibrated,0.38,0.01000667111407605,0.32608695652173914,0.019417475728155338,0.997436109502936,12060,31,1484,15,46,0.003384841795437822,21,0.0021523009121656245
boosting__uncalibrated,0.39,0.009339559706470981,0.32558139534883723,0.018158236057068743,0.9976015217930693,12062,29,1485,14,43,0.0031640912435614422,20,0.0020498103925386904
boosting__uncalibrated,0.4,0.0066711140760507,0.2857142857142857,0.01303780964797914,0.9979323463733355,12066,25,1489,10,35,0.0025754231052244297,19,0.0019473198729117556
boosting__uncalibrated,0.41,0.00600400266844563,0.34615384615384615,0.01180327868852459,0.9985939955338682,12074,17,1490,9,26,0.0019131714495952907,15,0.0015373577944040177
boosting__uncalibrated,0.42,0.00533689126084056,0.4444444444444444,0.01054713249835201,0.9991729385493342,12081,10,1491,8,18,0.0013245033112582781,11,0.0011273957158962795
boosting__uncalibrated,0.43,0.004002668445630421,0.5,0.007941760423560556,0.9995037631296005,12085,6,1493,6,12,0.0008830022075055188,6,0.0006149431177616071
boosting__uncalibrated,0.44,0.004002668445630421,0.5,0.007941760423560556,0.9995037631296005,12085,6,1493,6,12,0.0008830022075055188,6,0.0006149431177616071
boosting__uncalibrated,0.45,0.00333555703802535,0.625,0.006635700066357001,0.9997518815648002,12088,3,1494,5,8,0.0005886681383370125,4,0.00040996207850773806
boosting__uncalibrated,0.46,0.00266844563042028,0.5714285714285714,0.005312084993359893,0.9997518815648002,12088,3,1495,4,7,0.0005150846210448859,4,0.00040996207850773806
boosting__uncalibrated,0.47,0.0020013342228152103,0.75,0.003992015968063872,0.9999172938549334,12090,1,1496,3,4,0.00029433406916850625,2,0.00020498103925386903
boosting__uncalibrated,0.48,0.00066711140760507,1.0,0.0013333333333333333,1.0,12091,0,1498,1,1,7.358351729212656e-05,1,0.00010249051962693452
boosting__uncalibrated,0.49,0.00066711140760507,1.0,0.0013333333333333333,1.0,12091,0,1498,1,1,7.358351729212656e-05,1,0.00010249051962693452
boosting__uncalibrated,0.5,0.00066711140760507,1.0,0.0013333333333333333,1.0,12091,0,1498,1,1,7.358351729212656e-05,1,0.00010249051962693452
boosting__uncalibrated,0.51,0.0,0.0,0.0,1.0,12091,0,1499,0,0,0.0,0,0.0
boosting__uncalibrated,0.52,0.0,0.0,0.0,1.0,12091,0,1499,0,0,0.0,0,0.0
boosting__uncalibrated,0.53,0.0,0.0,0.0,1.0,12091,0,1499,0,0,0.0,0,0.0
boosting__uncalibrated,0.54,0.0,0.0,0.0,1.0,12091,0,1499,0,0,0.0,0,0.0
boosting__uncalibrated,0.55,0.0,0.0,0.0,1.0,12091,0,1499,0,0,0.0,0,0.0
boosting__uncalibrated,0.56,0.0,0.0,0.0,1.0,12091,0,1499,0,0,0.0,0,0.0
boosting__uncalibrated,0.57,0.0,0.0,0.0,1.0,12091,0,1499,0,0,0.0,0,0.0
boosting__uncalibrated,0.58,0.0,0.0,0.0,1.0,12091,0,1499,0,0,0.0,0,0.0
boosting__uncalibrated,0.59,0.0,0.0,0.0,1.0,12091,0,1499,0,0,0.0,0,0.0
boosting__uncalibrated,0.6,0.0,0.0,0.0,1.0,12091,0,1499,0,0,0.0,0,0.0
boosting__uncalibrated,0.61,0.0,0.0,0.0,1.0,12091,0,1499,0,0,0.0,0,0.0
boosting__uncalibrated,0.62,0.0,0.0,0.0,1.0,12091,0,1499,0,0,0.0,0,0.0
boosting__uncalibrated,0.63,0.0,0.0,0.0,1.0,12091,0,1499,0,0,0.0,0,0.0
boosting__uncalibrated,0.64,0.0,0.0,0.0,1.0,12091,0,1499,0,0,0.0,0,0.0
boosting__uncalibrated,0.65,0.0,0.0,0.0,1.0,12091,0,1499,0,0,0.0,0,0.0
boosting__uncalibrated,0.66,0.0,0.0,0.0,1.0,12091,0,1499,0,0,0.0,0,0.0
boosting__uncalibrated,0.67,0.0,0.0,0.0,1.0,12091,0,1499,0,0,0.0,0,0.0
boosting__uncalibrated,0.68,0.0,0.0,0.0,1.0,12091,0,1499,0,0,0.0,0,0.0
boosting__uncalibrated,0.69,0.0,0.0,0.0,1.0,12091,0,1499,0,0,0.0,0,0.0
boosting__uncalibrated,0.7,0.0,0.0,0.0,1.0,12091,0,1499,0,0,0.0,0,0.0
boosting__uncalibrated,0.71,0.0,0.0,0.0,1.0,12091,0,1499,0,0,0.0,0,0.0
boosting__uncalibrated,0.72,0.0,0.0,0.0,1.0,12091,0,1499,0,0,0.0,0,0.0
boosting__uncalibrated,0.73,0.0,0.0,0.0,1.0,12091,0,1499,0,0,0.0,0,0.0
boosting__uncalibrated,0.74,0.0,0.0,0.0,1.0,12091,0,1499,0,0,0.0,0,0.0
boosting__uncalibrated,0.75,0.0,0.0,0.0,1.0,12091,0,1499,0,0,0.0,0,0.0
boosting__uncalibrated,0.76,0.0,0.0,0.0,1.0,12091,0,1499,0,0,0.0,0,0.0
boosting__uncalibrated,0.77,0.0,0.0,0.0,1.0,12091,0,1499,0,0,0.0,0,0.0
boosting__uncalibrated,0.78,0.0,0.0,0.0,1.0,12091,0,1499,0,0,0.0,0,0.0
boosting__uncalibrated,0.79,0.0,0.0,0.0,1.0,12091,0,1499,0,0,0.0,0,0.0
boosting__uncalibrated,0.8,0.0,0.0,0.0,1.0,12091,0,1499,0,0,0.0,0,0.0
boosting__uncalibrated,0.81,0.0,0.0,0.0,1.0,12091,0,1499,0,0,0.0,0,0.0
boosting__uncalibrated,0.82,0.0,0.0,0.0,1.0,12091,0,1499,0,0,0.0,0,0.0
boosting__uncalibrated,0.83,0.0,0.0,0.0,1.0,12091,0,1499,0,0,0.0,0,0.0
boosting__uncalibrated,0.84,0.0,0.0,0.0,1.0,12091,0,1499,0,0,0.0,0,0.0
boosting__uncalibrated,0.85,0.0,0.0,0.0,1.0,12091,0,1499,0,0,0.0,0,0.0
boosting__uncalibrated,0.86,0.0,0.0,0.0,1.0,12091,0,1499,0,0,0.0,0,0.0
boosting__uncalibrated,0.87,0.0,0.0,0.0,1.0,12091,0,1499,0,0,0.0,0,0.0
boosting__uncalibrated,0.88,0.0,0.0,0.0,1.0,12091,0,1499,0,0,0.0,0,0.0
boosting__uncalibrated,0.89,0.0,0.0,0.0,1.0,12091,0,1499,0,0,0.0,0,0.0
boosting__uncalibrated,0.9,0.0,0.0,0.0,1.0,12091,0,1499,0,0,0.0,0,0.0
boosting__uncalibrated,0.91,0.0,0.0,0.0,1.0,12091,0,1499,0,0,0.0,0,0.0
boosting__uncalibrated,0.92,0.0,0.0,0.0,1.0,12091,0,1499,0,0,0.0,0,0.0
boosting__uncalibrated,0.93,0.0,0.0,0.0,1.0,12091,0,1499,0,0,0.0,0,0.0
boosting__uncalibrated,0.94,0.0,0.0,0.0,1.0,12091,0,1499,0,0,0.0,0,0.0
boosting__uncalibrated,0.95,0.0,0.0,0.0,1.0,12091,0,1499,0,0,0.0,0,0.0
boosting__uncalibrated,0.96,0.0,0.0,0.0,1.0,12091,0,1499,0,0,0.0,0,0.0
boosting__uncalibrated,0.97,0.0,0.0,0.0,1.0,12091,0,1499,0,0,0.0,0,0.0
boosting__uncalibrated,0.98,0.0,0.0,0.0,1.0,12091,0,1499,0,0,0.0,0,0.0
boosting__uncalibrated,0.99,0.0,0.0,0.0,1.0,12091,0,1499,0,0,0.0,0,0.0
boosting__uncalibrated,1.0,0.0,0.0,0.0,1.0,12091,0,1499,0,0,0.0,0,0.0
