family,configuration,trial,fold,average_precision,roc_auc,recall,precision,f1,specificity,brier,tn,fp,fn,tp,threshold,mean_probability,prevalence,predicted_positive_fraction,fit_encounters,holdout_encounters,encoded_features,duration_seconds
logistic,raw,0,0,0.2095808663526193,0.6434658384984314,0.016973125884016973,0.5714285714285714,0.03296703296703297,0.9984069386671387,0.09516919274095188,11281,18,1390,24,0.5,0.10991157717801779,0.1112247305907339,0.0033037048690316997,50850,12713,76,0.37025941599858925
logistic,raw,0,1,0.20963160188340643,0.6634532203694536,0.016973125884016973,0.4,0.032564450474898234,0.9968135953266065,0.09531746214517971,11262,36,1390,24,0.5,0.11209460805590757,0.11123348017621146,0.004719949653870359,50851,12712,76,0.3632881660014391
logistic,raw,0,2,0.22646639740717606,0.6667225948681335,0.021231422505307854,0.6,0.04101161995898838,0.9982300884955753,0.09418445071632849,11280,20,1383,30,0.5,0.11019807985449331,0.11114607095099505,0.003932981986942499,50850,12713,77,0.3409127500053728
logistic,raw,0,3,0.21034684572906281,0.659147071429766,0.019815994338287332,0.4057971014492754,0.037786774628879895,0.9963713602973715,0.09527797205483281,11258,41,1385,28,0.5,0.1111914931645943,0.11115481434864695,0.005427942101950913,50851,12712,76,0.3431947909994051
logistic,raw,0,4,0.20493095936758318,0.6561605381708185,0.02545968882602546,0.46153846153846156,0.04825737265415549,0.9962828568899903,0.0956373146098364,11257,42,1378,36,0.5,0.11263898890827301,0.1112247305907339,0.0061354518996303,50850,12713,76,0.356071875008638
logistic,raw,1,0,0.2110056214429166,0.6462896229567072,0.016973125884016973,0.6,0.033012379642365884,0.9985839454819011,0.09507383181940701,11283,16,1390,24,0.5,0.10992048289275663,0.1112247305907339,0.003146385589554,50850,12713,76,0.359203083004104
logistic,raw,1,1,0.21026470132879388,0.6643632461266005,0.01768033946251768,0.43859649122807015,0.03399048266485384,0.9971676402903169,0.09526664830375844,11266,32,1389,25,0.5,0.11202885094320465,0.11123348017621146,0.004483952171176841,50851,12712,76,0.3493971249990864
logistic,raw,1,2,0.22509270469224718,0.6656415459481803,0.01840056617126681,0.5909090909090909,0.03568977350720659,0.9984070796460177,0.09427973058344796,11282,18,1387,26,0.5,0.11011524156961806,0.11114607095099505,0.0034610241485093997,50850,12713,77,0.3577297500014538
logistic,raw,1,3,0.2106194757268675,0.6612620084811696,0.01840056617126681,0.4,0.035182679296346414,0.9965483671121338,0.09524326708843533,11260,39,1387,26,0.5,0.11115605705124582,0.11115481434864695,0.005113278791692889,50851,12712,76,0.3564385839999886
logistic,raw,1,4,0.20518619012302824,0.657797913798182,0.024045261669024046,0.4533333333333333,0.04566823371390195,0.9963713602973715,0.09560682385539523,11258,41,1380,34,0.5,0.11259403961599579,0.1112247305907339,0.0058994729804137495,50850,12713,76,0.37964687500789296
logistic,raw,2,0,0.20956558045954038,0.6432120327580279,0.016973125884016973,0.5714285714285714,0.03296703296703297,0.9984069386671387,0.0951807925242616,11281,18,1390,24,0.5,0.10989090583090681,0.1112247305907339,0.0033037048690316997,50850,12713,76,0.35806483299529646
logistic,raw,2,1,0.2095524530119732,0.6630019632719664,0.016973125884016973,0.41379310344827586,0.03260869565217391,0.9969906178084617,0.095321462850415,11264,34,1390,24,0.5,0.11191852923242535,0.11123348017621146,0.004562617998741347,50851,12712,76,0.3342979590088362
logistic,raw,2,2,0.22664007839041486,0.6666727417344631,0.021231422505307854,0.6122448979591837,0.04103967168262654,0.9983185840707964,0.09417177641111091,11281,19,1383,30,0.5,0.11021072639391594,0.11114607095099505,0.00385432234720365,50850,12713,77,0.34076912500313483
logistic,raw,2,3,0.21028552257830965,0.6588553170974365,0.019815994338287332,0.4,0.037761294672960216,0.9962828568899903,0.09528409315344692,11257,42,1385,28,0.5,0.11118371914731763,0.11115481434864695,0.005506607929515419,50851,12712,76,0.34427195899479557
logistic,raw,2,4,0.20456502178810107,0.6555109081388459,0.02545968882602546,0.46153846153846156,0.04825737265415549,0.9962828568899903,0.09564796392453553,11257,42,1378,36,0.5,0.11249949731287655,0.1112247305907339,0.0061354518996303,50850,12713,76,0.3531793750007637
logistic,raw,3,0,0.20949628256362213,0.6432584125493075,0.016973125884016973,0.5714285714285714,0.03296703296703297,0.9984069386671387,0.09518148843577927,11281,18,1390,24,0.5,0.10992505530139207,0.1112247305907339,0.0033037048690316997,50850,12713,76,0.3671167920110747
logistic,raw,3,1,0.209552812398234,0.6630362034762007,0.016973125884016973,0.41379310344827586,0.03260869565217391,0.9969906178084617,0.09532026352956768,11264,34,1390,24,0.5,0.11192483586078458,0.11123348017621146,0.004562617998741347,50851,12712,76,0.34317358399857767
logistic,raw,3,2,0.22658458093159903,0.6665766679818875,0.021231422505307854,0.6,0.04101161995898838,0.9982300884955753,0.09417649473517382,11280,20,1383,30,0.5,0.11016758942429535,0.11114607095099505,0.003932981986942499,50850,12713,77,0.33426712499931455
logistic,raw,3,3,0.2103311691552237,0.6589071789667299,0.019815994338287332,0.4,0.037761294672960216,0.9962828568899903,0.09528253719039077,11257,42,1385,28,0.5,0.11116240093607091,0.11115481434864695,0.005506607929515419,50851,12712,76,0.35623841699270997
logistic,raw,3,4,0.2047416741216904,0.6560486257999576,0.02545968882602546,0.46153846153846156,0.04825737265415549,0.9962828568899903,0.09564168929940137,11257,42,1378,36,0.5,0.11257993044716681,0.1112247305907339,0.0061354518996303,50850,12713,76,0.35802308398706373
logistic,raw,4,0,0.20957811270735965,0.6434602053254015,0.016973125884016973,0.5853658536585366,0.032989690721649485,0.9984954420745199,0.09516928119195601,11282,17,1390,24,0.5,0.10991109796918669,0.1112247305907339,0.0032250452292928496,50850,12713,76,0.3438041670015082
logistic,raw,4,1,0.2096357694434046,0.6634552234526996,0.016973125884016973,0.4,0.032564450474898234,0.9968135953266065,0.09531739671857764,11262,36,1390,24,0.5,0.11209454222920297,0.11123348017621146,0.004719949653870359,50851,12712,76,0.3422549160022754
logistic,raw,4,2,0.22645918240536173,0.6665357082464348,0.021231422505307854,0.6122448979591837,0.04103967168262654,0.9983185840707964,0.09418253112966789,11281,19,1383,30,0.5,0.11019654953680023,0.11114607095099505,0.00385432234720365,50850,12713,77,0.3439067500003148
logistic,raw,4,3,0.21034621542135823,0.6591490131181091,0.019815994338287332,0.4057971014492754,0.037786774628879895,0.9963713602973715,0.09527787961748554,11258,41,1385,28,0.5,0.11119178036193447,0.11115481434864695,0.005427942101950913,50851,12712,76,0.34705104200111236
logistic,raw,4,4,0.2048641062061189,0.6562701346816563,0.02545968882602546,0.46153846153846156,0.04825737265415549,0.9962828568899903,0.09563298396345082,11257,42,1378,36,0.5,0.11266094563513947,0.1112247305907339,0.0061354518996303,50850,12713,76,0.35143616700952407
logistic,raw,5,0,0.20998425196630593,0.6466680470026951,0.016973125884016973,0.6857142857142857,0.033126293995859216,0.999026462518807,0.09514024400000377,11288,11,1390,24,0.5,0.11017220173991236,0.1112247305907339,0.00275308739085975,50850,12713,76,0.31737304099078756
logistic,raw,5,1,0.2106194105669525,0.6650124328873217,0.016265912305516265,0.45098039215686275,0.031399317406143344,0.9975216852540273,0.09520157493307133,11270,28,1391,23,0.5,0.1119438884989181,0.11123348017621146,0.0040119572057898045,50851,12712,76,0.31684629200026393
logistic,raw,5,2,0.21995499398546264,0.6622782130532539,0.01627742392073602,0.5897435897435898,0.03168044077134986,0.9985840707964602,0.09462256974438912,11284,16,1390,23,0.5,0.11024741755322766,0.11114607095099505,0.00306772594981515,50850,12713,77,0.3179122500005178
logistic,raw,5,3,0.21071132981066604,0.6619999126866597,0.016985138004246284,0.42857142857142855,0.03267528931245745,0.9971678909638021,0.0952935206142714,11267,32,1389,24,0.5,0.1112068737455187,0.11115481434864695,0.004405286343612335,50851,12712,76,0.3201864170114277
logistic,raw,5,4,0.20190964415179508,0.6569931211446407,0.02263083451202263,0.4444444444444444,0.04306864064602961,0.9964598637047526,0.0957681832338261,11259,40,1382,32,0.5,0.11246742558314901,0.1112247305907339,0.0056634940611972,50850,12713,76,0.3134723330003908
logistic,raw,6,0,0.2099827005761233,0.6466661692783517,0.016973125884016973,0.6857142857142857,0.033126293995859216,0.999026462518807,0.09514025294517323,11288,11,1390,24,0.5,0.11017221405728754,0.1112247305907339,0.00275308739085975,50850,12713,76,0.3176335839962121
logistic,raw,6,1,0.21064452804162595,0.6650007273696037,0.016265912305516265,0.45098039215686275,0.031399317406143344,0.9975216852540273,0.09520161181225555,11270,28,1391,23,0.5,0.11190479919626432,0.11123348017621146,0.0040119572057898045,50851,12712,76,0.32596029099659063
logistic,raw,6,2,0.21995296758775504,0.6622768352028259,0.01627742392073602,0.5897435897435898,0.03168044077134986,0.9985840707964602,0.09462266528501402,11284,16,1390,23,0.5,0.11024729127254422,0.11114607095099505,0.00306772594981515,50850,12713,77,0.3191975000081584
logistic,raw,6,3,0.21071048297681785,0.6620004137675224,0.016985138004246284,0.42857142857142855,0.03267528931245745,0.9971678909638021,0.09529354643463049,11267,32,1389,24,0.5,0.11120691808495874,0.11115481434864695,0.004405286343612335,50851,12712,76,0.318166791999829
logistic,raw,6,4,0.201909125923761,0.6569937470527552,0.02263083451202263,0.4444444444444444,0.04306864064602961,0.9964598637047526,0.09576825120467072,11259,40,1382,32,0.5,0.11246788114152209,0.1112247305907339,0.0056634940611972,50850,12713,76,0.31306558300275356
logistic,raw,7,0,0.20682871673558823,0.6446689590759993,0.015558698727015558,0.7857142857142857,0.030513176144244106,0.9994689795557129,0.09534216902487763,11293,6,1392,22,0.5,0.11031548681912391,0.1112247305907339,0.0022024699126877998,50850,12713,76,0.30878891701286193
logistic,raw,7,1,0.20995353467934869,0.6640512659110537,0.015558698727015558,0.5,0.03017832647462277,0.9980527526995928,0.09530398893068077,11276,22,1392,22,0.5,0.11178933820149174,0.11123348017621146,0.003461296412838263,50851,12712,76,0.3040552500024205
logistic,raw,7,2,0.2156816442300972,0.6596037427427992,0.014154281670205236,0.5882352941176471,0.027643400138217002,0.9987610619469026,0.09491992334917242,11286,14,1393,20,0.5,0.11043486622749571,0.11114607095099505,0.0026744277511209,50850,12713,77,0.30792220898729283
logistic,raw,7,3,0.20851397347005318,0.6606956618360593,0.014861995753715499,0.42,0.028708133971291867,0.9974334011859457,0.0954571070718581,11270,29,1392,21,0.5,0.11113622735465484,0.11115481434864695,0.0039332913782252985,50851,12712,76,0.3074654580123024
logistic,raw,7,4,0.198315930892155,0.6539328686007311,0.02050919377652051,0.4264705882352941,0.03913630229419703,0.9965483671121338,0.09595801506215564,11260,39,1385,29,0.5,0.11233014111117524,0.1112247305907339,0.0053488555022418,50850,12713,76,0.31481241699657403
logistic,raw,8,0,0.2095282274960507,0.643206837720678,0.016973125884016973,0.5714285714285714,0.03296703296703297,0.9984069386671387,0.09518219755412961,11281,18,1390,24,0.5,0.10995438073172197,0.1112247305907339,0.0033037048690316997,50850,12713,76,0.3473408329882659
logistic,raw,8,1,0.20955360969572917,0.6630061572275125,0.016973125884016973,0.41379310344827586,0.03260869565217391,0.9969906178084617,0.09532128952883454,11264,34,1390,24,0.5,0.11191956867371812,0.11123348017621146,0.004562617998741347,50851,12712,76,0.333343624995905
logistic,raw,8,2,0.22666532951179302,0.666790109539109,0.021231422505307854,0.6122448979591837,0.04103967168262654,0.9983185840707964,0.09417424757455849,11281,19,1383,30,0.5,0.11018202730504968,0.11114607095099505,0.00385432234720365,50850,12713,77,0.33966095800860785
logistic,raw,8,3,0.21029298138386993,0.6588586993932599,0.019815994338287332,0.4,0.037761294672960216,0.9962828568899903,0.09528381295295697,11257,42,1385,28,0.5,0.11117982816158556,0.11115481434864695,0.005506607929515419,50851,12712,76,0.3438569589925464
logistic,raw,8,4,0.20476241649993154,0.6560659634547275,0.02545968882602546,0.46153846153846156,0.04825737265415549,0.9962828568899903,0.09564428617880756,11257,42,1378,36,0.5,0.11255352951228058,0.1112247305907339,0.0061354518996303,50850,12713,76,0.35496825000154786
logistic,raw,9,0,0.20958030938039976,0.6434684047217005,0.016973125884016973,0.5714285714285714,0.03296703296703297,0.9984069386671387,0.09516907177491563,11281,18,1390,24,0.5,0.1099111841609022,0.1112247305907339,0.0033037048690316997,50850,12713,76,0.3343014169950038
logistic,raw,9,1,0.20963189871062712,0.6634544722964824,0.016973125884016973,0.4,0.032564450474898234,0.9968135953266065,0.0953175170686377,11262,36,1390,24,0.5,0.11209461776171965,0.11123348017621146,0.004719949653870359,50851,12712,76,0.34651654100161977
logistic,raw,9,2,0.22654062017877571,0.6668298793128284,0.021231422505307854,0.6122448979591837,0.04103967168262654,0.9983185840707964,0.09418353575657729,11281,19,1383,30,0.5,0.11016525309277335,0.11114607095099505,0.00385432234720365,50850,12713,77,0.3382729579898296
logistic,raw,9,3,0.21034617572030898,0.6591451297414228,0.019815994338287332,0.4057971014492754,0.037786774628879895,0.9963713602973715,0.09527804323070792,11258,41,1385,28,0.5,0.11119150133632062,0.11115481434864695,0.005427942101950913,50851,12712,76,0.3363614590052748
logistic,raw,9,4,0.20484474106558398,0.6561806298212919,0.02545968882602546,0.46153846153846156,0.04825737265415549,0.9962828568899903,0.09563222015131528,11257,42,1378,36,0.5,0.11253684808680434,0.1112247305907339,0.0061354518996303,50850,12713,76,0.35305866700946353
logistic,raw,10,0,0.21151101238011077,0.6467544223224871,0.01768033946251768,0.6578947368421053,0.03443526170798898,0.9988494557040446,0.09504499847295728,11286,13,1389,25,0.5,0.10999636599860435,0.1112247305907339,0.0029890663100763,50850,12713,76,0.3479512909980258
logistic,raw,10,1,0.2105018062972498,0.6646297187946547,0.01768033946251768,0.44642857142857145,0.034013605442176874,0.9972561515312445,0.09524469381433244,11267,31,1389,25,0.5,0.11209172914043077,0.11123348017621146,0.004405286343612335,50851,12712,76,0.3398076250014128
logistic,raw,10,2,0.22433517869597858,0.6649636435375683,0.01840056617126681,0.5909090909090909,0.03568977350720659,0.9984070796460177,0.09432941221381153,11282,18,1387,26,0.5,0.11018090016530771,0.11114607095099505,0.0034610241485093997,50850,12713,77,0.345099999991362
logistic,raw,10,3,0.21098395049538873,0.6617798755528097,0.01910828025477707,0.421875,0.03656059580230196,0.9967253739268962,0.09522323320055551,11262,37,1386,27,0.5,0.1112205279756274,0.11115481434864695,0.005034612964128383,50851,12712,76,0.3482196249970002
logistic,raw,10,4,0.20474540181037204,0.6578086168269388,0.024045261669024046,0.4594594594594595,0.0456989247311828,0.9964598637047526,0.09562463187638946,11259,40,1380,34,0.5,0.11262770409736281,0.1112247305907339,0.0058208133406749,50850,12713,76,0.3435607089922996
logistic,raw,11,0,0.21133477856829547,0.6467158663826379,0.016973125884016973,0.631578947368421,0.03305785123966942,0.9987609522966634,0.09505419014666922,11285,14,1390,24,0.5,0.10995591968478638,0.1112247305907339,0.0029890663100763,50850,12713,76,0.34823579200019594
logistic,raw,11,1,0.2103510723043841,0.6643279417843917,0.01768033946251768,0.44642857142857145,0.034013605442176874,0.9972561515312445,0.09525376955184,11267,31,1389,25,0.5,0.11203390032853876,0.11123348017621146,0.004405286343612335,50851,12712,76,0.3429591669992078
logistic,raw,11,2,0.2246141034898848,0.6652972086002918,0.01910828025477707,0.6,0.037037037037037035,0.9984070796460177,0.0943099661304241,11282,18,1386,27,0.5,0.11010212730927053,0.11114607095099505,0.0035396837882482497,50850,12713,77,0.351708417001646
logistic,raw,11,3,0.21092297001615062,0.6616165858266647,0.01910828025477707,0.4153846153846154,0.036535859269282815,0.996636870519515,0.09523100431905684,11261,38,1386,27,0.5,0.1111695090034946,0.11115481434864695,0.005113278791692889,50851,12712,76,0.35111716701067053
logistic,raw,11,4,0.2047914302828497,0.6577861467256305,0.024045261669024046,0.4594594594594595,0.0456989247311828,0.9964598637047526,0.09562191035215947,11259,40,1380,34,0.5,0.1125248159104723,0.1112247305907339,0.0058208133406749,50850,12713,76,0.3411881659994833
logistic,raw,12,0,0.21086364409467867,0.6459507563035519,0.016973125884016973,0.6,0.033012379642365884,0.9985839454819011,0.0950786949537295,11283,16,1390,24,0.5,0.10994030525532279,0.1112247305907339,0.003146385589554,50850,12713,76,0.35782854199351277
logistic,raw,12,1,0.21011178627901855,0.664233233504672,0.01768033946251768,0.43859649122807015,0.03399048266485384,0.9971676402903169,0.09527608833723258,11266,32,1389,25,0.5,0.11209630075979458,0.11123348017621146,0.004483952171176841,50851,12712,76,0.35929587500868365
logistic,raw,12,2,0.2255139300514307,0.6660884078938304,0.01910828025477707,0.5869565217391305,0.037011651816312545,0.9983185840707964,0.09425410204305722,11281,19,1386,27,0.5,0.11018328206246503,0.11114607095099505,0.0036183434279870997,50850,12713,77,0.36178754099819344
logistic,raw,12,3,0.21056177590631592,0.6606325256473542,0.01910828025477707,0.39705882352941174,0.03646185010128292,0.9963713602973715,0.09524367507636575,11258,41,1386,27,0.5,0.11123659501227759,0.11115481434864695,0.005349276274386407,50851,12712,76,0.33995441600563936
logistic,raw,12,4,0.20512081532132576,0.6574739437581502,0.024045261669024046,0.4533333333333333,0.04566823371390195,0.9963713602973715,0.09561312977556291,11258,41,1380,34,0.5,0.11264078414102346,0.1112247305907339,0.0058994729804137495,50850,12713,76,0.35911304100591224
logistic,raw,13,0,0.21071781206067408,0.6456902533463238,0.016973125884016973,0.6153846153846154,0.03303509979353063,0.9986724488892822,0.09508774060917471,11284,15,1390,24,0.5,0.10990015212498408,0.1112247305907339,0.00306772594981515,50850,12713,76,0.36424041699501686
logistic,raw,13,1,0.21010510848878183,0.6642386793872468,0.01768033946251768,0.43859649122807015,0.03399048266485384,0.9971676402903169,0.09527634447790807,11266,32,1389,25,0.5,0.11210249744117927,0.11123348017621146,0.004483952171176841,50851,12712,76,0.3532385830039857
logistic,raw,13,2,0.22541589450681399,0.665833380305507,0.01840056617126681,0.5909090909090909,0.03568977350720659,0.9984070796460177,0.09425613484306761,11282,18,1387,26,0.5,0.11018479940105964,0.11114607095099505,0.0034610241485093997,50850,12713,77,0.3611894170026062
logistic,raw,13,3,0.21039283331146896,0.6606558259074715,0.01910828025477707,0.40298507462686567,0.03648648648648649,0.9964598637047526,0.09525894253670161,11259,40,1386,27,0.5,0.11113899565035712,0.11115481434864695,0.005270610446821901,50851,12712,76,0.36100545899535064
logistic,raw,13,4,0.2051223560772879,0.6574917821394115,0.024045261669024046,0.4533333333333333,0.04566823371390195,0.9963713602973715,0.09561289848269601,11258,41,1380,34,0.5,0.11264807788447756,0.1112247305907339,0.0058994729804137495,50850,12713,76,0.36459795900736935
logistic,raw,14,0,0.21014953854560536,0.6444590920852291,0.016973125884016973,0.6,0.033012379642365884,0.9985839454819011,0.09513748617222134,11283,16,1390,24,0.5,0.11002306722213058,0.1112247305907339,0.003146385589554,50850,12713,76,0.34255750000011176
logistic,raw,14,1,0.20987875534217582,0.6636666739278434,0.016973125884016973,0.41379310344827586,0.03260869565217391,0.9969906178084617,0.095291216150451,11264,34,1390,24,0.5,0.1120647049692062,0.11123348017621146,0.004562617998741347,50851,12712,76,0.3720810409868136
logistic,raw,14,2,0.22585824190461268,0.6664213466609047,0.020523708421797595,0.6041666666666666,0.03969883641341547,0.9983185840707964,0.0942257411005683,11281,19,1384,29,0.5,0.11015035154708298,0.11114607095099505,0.0037756627074648,50850,12713,77,0.41076491700368933
logistic,raw,14,3,0.21046168639036422,0.660126559246204,0.019815994338287332,0.4117647058823529,0.03781228899392303,0.9964598637047526,0.09525699861789787,11259,40,1385,28,0.5,0.11121249459904856,0.11115481434864695,0.005349276274386407,50851,12712,76,0.3611377920024097
logistic,raw,14,4,0.2047281666375534,0.6567230417932618,0.024045261669024046,0.4533333333333333,0.04566823371390195,0.9963713602973715,0.09562836533561886,11258,41,1380,34,0.5,0.1126053613722148,0.1112247305907339,0.0058994729804137495,50850,12713,76,0.3839637080091052
boosting,raw,0,0,0.21845296820695276,0.6486979921994324,0.009193776520509194,0.7222222222222222,0.018156424581005588,0.9995574829630941,0.09477978172033422,11294,5,1401,13,0.5,0.11041062271409172,0.1112247305907339,0.0014158735152993,50850,12713,10,0.6964572080032667
boosting,raw,0,1,0.222328191221778,0.6690583480622548,0.010608203677510608,0.5769230769230769,0.020833333333333332,0.9990263763497964,0.09434468704548936,11287,11,1399,15,0.5,0.11177678860757581,0.11123348017621146,0.0020453115166771552,50851,12712,10,0.7018423339904984
boosting,raw,0,2,0.2230343436222894,0.6675315496433245,0.0021231422505307855,0.3333333333333333,0.004219409282700422,0.9994690265486725,0.09413577675577682,11294,6,1410,3,0.5,0.10978437877053777,0.11114607095099505,0.00070793675764965,50850,12713,10,0.6975137079862179
boosting,raw,0,3,0.21869540910562119,0.6645090751068226,0.005661712668082095,0.5333333333333333,0.011204481792717087,0.9993804761483317,0.09437381795670151,11292,7,1405,8,0.5,0.11030305220192485,0.11115481434864695,0.0011799874134675898,50851,12712,10,0.6974781249882653
boosting,raw,0,4,0.21134677648476624,0.6631828516699166,0.018387553041018388,0.4406779661016949,0.035302104548540394,0.9970793875564209,0.09491899624705659,11266,33,1388,26,0.5,0.11229762048592999,0.1112247305907339,0.00464091874459215,50850,12713,10,0.6845697920070961
boosting,raw,1,0,0.21874781781236335,0.6499540958988872,0.002828854314002829,0.8,0.005637773079633545,0.9999114965926188,0.09479296860818351,11298,1,1410,4,0.5,0.11044635432347473,0.1112247305907339,0.00039329819869425,50850,12713,10,0.5598886669904459
boosting,raw,1,1,0.22213002495331707,0.6691112106810407,0.006364922206506365,0.6428571428571429,0.012605042016806723,0.999557443795362,0.09440446114030324,11293,5,1405,9,0.5,0.11207074626587207,0.11123348017621146,0.0011013215859030838,50851,12712,10,0.5428992499946617
boosting,raw,1,2,0.22561222101157846,0.6704679054794607,0.0007077140835102619,0.3333333333333333,0.0014124293785310734,0.9998230088495575,0.09407269105077852,11298,2,1412,1,0.5,0.10994478322100901,0.11114607095099505,0.00023597891921655,50850,12713,10,0.5429763749998529
boosting,raw,1,3,0.21897888189469328,0.6644317207486374,0.0,0.0,0.0,1.0,0.09436576419691176,11299,0,1413,0,0.5,0.11021158607924268,0.11115481434864695,0.0,50851,12712,10,0.5396907090034802
boosting,raw,1,4,0.21192592033169386,0.6633467770050874,0.01768033946251768,0.44642857142857145,0.034013605442176874,0.9972563943711833,0.0948089270484727,11268,31,1389,25,0.5,0.11207452804139445,0.1112247305907339,0.0044049398253755995,50850,12713,10,0.5364801249961602
boosting,raw,2,0,0.21763613301650075,0.6488202320541816,0.0,0.0,0.0,1.0,0.09491575013570859,11299,0,1414,0,0.5,0.11055861964833627,0.1112247305907339,0.0,50850,12713,10,0.4884969999984605
boosting,raw,2,1,0.2192829743589165,0.6664786585251349,0.0014144271570014145,1.0,0.002824858757062147,1.0,0.09456432835009325,11298,0,1412,2,0.5,0.11220671944655694,0.11123348017621146,0.00015733165512901197,50851,12712,10,0.49348541600920726
boosting,raw,2,2,0.2261214303713495,0.6691742918161948,0.0,0.0,0.0,0.9999115044247787,0.09423663357723029,11299,1,1413,0,0.5,0.11022755742264181,0.11114607095099505,7.865963973885e-05,50850,12713,10,0.507182625005953
boosting,raw,2,3,0.21849856388278044,0.664421949671814,0.0,0.0,0.0,1.0,0.09449856742659528,11299,0,1413,0,0.5,0.11068285271560749,0.11115481434864695,0.0,50851,12712,10,0.491398542013485
boosting,raw,2,4,0.2105853138684825,0.661707367176352,0.010608203677510608,0.4166666666666667,0.020689655172413793,0.9981414284449951,0.0948954566220411,11278,21,1399,15,0.5,0.11226296527283937,0.1112247305907339,0.0028317470305986,50850,12713,10,0.4770652919978602
boosting,raw,3,0,0.21322323930321074,0.6436750795810873,0.016973125884016973,0.5581395348837209,0.032944406314344546,0.9983184352597575,0.09506647240948007,11280,19,1390,24,0.5,0.1100549007324975,0.1112247305907339,0.0033823645087705497,50850,12713,10,0.9672982500051148
boosting,raw,3,1,0.21820231377463536,0.6634036753572937,0.013437057991513438,0.5588235294117647,0.026243093922651933,0.998672331386086,0.0947091052176298,11283,15,1395,19,0.5,0.11091987407785107,0.11123348017621146,0.0026746381371932034,50851,12712,10,0.9613556660042377
boosting,raw,3,2,0.20920739386881088,0.6565869079157507,0.016985138004246284,0.4528301886792453,0.03274215552523874,0.9974336283185841,0.09495020564967002,11271,29,1389,24,0.5,0.10930285278993603,0.11114607095099505,0.00416896090615905,50850,12713,10,0.9628884580015438
boosting,raw,3,3,0.21652375487391554,0.6617113214272763,0.012031139419674451,0.4146341463414634,0.023383768913342505,0.9978759182228516,0.09460079289003342,11275,24,1396,17,0.5,0.10958371486763792,0.11115481434864695,0.0032252989301447452,50851,12712,10,0.9184633340046275
boosting,raw,3,4,0.20709714766696702,0.655432732215353,0.024045261669024046,0.43037974683544306,0.04554588077695914,0.9960173466678467,0.09544107972382965,11254,45,1380,34,0.5,0.11223292358197763,0.1112247305907339,0.00621411153936915,50850,12713,10,0.8912581250042422
boosting,raw,4,0,0.21205346151162424,0.6457405450633187,0.01272984441301273,0.5454545454545454,0.0248790601243953,0.9986724488892822,0.09506533007911515,11284,15,1396,18,0.5,0.11015010686140728,0.1112247305907339,0.00259576811138205,50850,12713,10,1.1446633330051554
boosting,raw,4,1,0.22020207079661355,0.6673191084376626,0.011315417256011316,0.45714285714285713,0.022084195997239476,0.9983182864223756,0.09452334181835265,11279,19,1398,16,0.5,0.11150956681305017,0.11123348017621146,0.0027533039647577094,50851,12712,10,1.189628874999471
boosting,raw,4,2,0.2154263742045195,0.6608273678672755,0.013446567586694975,0.48717948717948717,0.026170798898071626,0.9982300884955753,0.09464973938870629,11280,20,1394,19,0.5,0.10900139626371333,0.11114607095099505,0.00306772594981515,50850,12713,10,1.1510497499984922
boosting,raw,4,3,0.22369473036772303,0.6652480127915923,0.010615711252653927,0.5357142857142857,0.020818875780707843,0.9988494557040446,0.09419176248558013,11286,13,1398,15,0.5,0.10967120000185877,0.11115481434864695,0.0022026431718061676,50851,12712,10,1.2233823749993462
boosting,raw,4,4,0.2087573771826367,0.6591259656353912,0.02050919377652051,0.453125,0.03924221921515562,0.9969023807416586,0.09517337042935195,11264,35,1385,29,0.5,0.1121393898439065,0.1112247305907339,0.0050342169432864,50850,12713,10,1.1198557919997256
boosting,raw,5,0,0.21794312415292474,0.6480582828110735,0.012022630834512023,0.7727272727272727,0.023676880222841225,0.9995574829630941,0.09485572546070306,11294,5,1397,17,0.5,0.11047495894840006,0.1112247305907339,0.0017305120742546999,50850,12713,10,0.6391126249945955
boosting,raw,5,1,0.2183654353502517,0.6688458334491365,0.012022630834512023,0.53125,0.02351313969571231,0.998672331386086,0.09447263185586285,11283,15,1397,17,0.5,0.11178383655026447,0.11123348017621146,0.0025173064820641915,50851,12712,10,0.6349277090048417
boosting,raw,5,2,0.22254226846487568,0.6665715636723473,0.004246284501061571,0.375,0.008397480755773267,0.9991150442477876,0.0942139543780405,11290,10,1407,6,0.5,0.10956728942707596,0.11114607095099505,0.0012585542358216,50850,12713,10,0.6430266670067795
boosting,raw,5,3,0.22071075792894812,0.6652174781765191,0.010615711252653927,0.5555555555555556,0.020833333333333332,0.9989379591114258,0.09430317157793128,11287,12,1398,15,0.5,0.11039769869064629,0.11115481434864695,0.0021239773442416616,50851,12712,10,0.6107719160063425
boosting,raw,5,4,0.21200000179442802,0.6618583049181481,0.021216407355021217,0.46153846153846156,0.04056795131845842,0.9969023807416586,0.09492776050708107,11264,35,1384,30,0.5,0.11255914416135593,0.1112247305907339,0.005112876583025249,50850,12713,10,0.6287939580070088
boosting,raw,6,0,0.21749676861637893,0.6495813989121466,0.004243281471004243,0.75,0.008438818565400843,0.9998229931852376,0.09487067693964917,11297,2,1408,6,0.5,0.11047730927853833,0.1112247305907339,0.0006292771179108,50850,12713,10,0.44938812499458436
boosting,raw,6,1,0.2195039867300792,0.668005133151203,0.007779349363507779,0.7333333333333333,0.015395381385584325,0.9996459550362896,0.0944826836534717,11294,4,1403,11,0.5,0.1121322455414973,0.11123348017621146,0.0011799874134675898,50851,12712,10,0.4435563750012079
boosting,raw,6,2,0.22575971110216916,0.6701283592932881,0.0,0.0,0.0,0.9998230088495575,0.0941386188506842,11298,2,1413,0,0.5,0.10997508511543846,0.11114607095099505,0.0001573192794777,50850,12713,10,0.4543493750097696
boosting,raw,6,3,0.21965841686021162,0.6637570153669601,0.0007077140835102619,1.0,0.0014144271570014145,1.0,0.09444221684769695,11299,0,1412,1,0.5,0.11048263670749421,0.11115481434864695,7.866582756450598e-05,50851,12712,10,0.4598557089921087
boosting,raw,6,4,0.21040010470529563,0.6617362841312389,0.01768033946251768,0.46296296296296297,0.0340599455040872,0.9974334011859457,0.09488243832654802,11270,29,1389,25,0.5,0.11218715346241905,0.1112247305907339,0.0042476205458978995,50850,12713,10,0.44237066600180697
boosting,raw,7,0,0.2142350755459109,0.6473790786206938,0.010608203677510608,0.625,0.02086230876216968,0.9992034693335693,0.09497711180842448,11290,9,1399,15,0.5,0.11036407715531131,0.1112247305907339,0.0018878313537324,50850,12713,10,0.7719542499980889
boosting,raw,7,1,0.21910523130890738,0.6691118992409065,0.01272984441301273,0.6,0.024930747922437674,0.9989378651088688,0.09458600405668299,11286,12,1396,18,0.5,0.11169839093621553,0.11123348017621146,0.0023599748269351795,50851,12712,10,0.7353929589880863
boosting,raw,7,2,0.21540370305856088,0.6616210723434104,0.005661712668082095,0.36363636363636365,0.011149825783972125,0.9987610619469026,0.09456103367060739,11286,14,1405,8,0.5,0.10916846042569288,0.11114607095099505,0.0017305120742546999,50850,12713,10,0.7564200420019915
boosting,raw,7,3,0.21778885140298343,0.661599392489562,0.00778485491861288,0.4230769230769231,0.015288394718554551,0.9986724488892822,0.09449688818350954,11284,15,1402,11,0.5,0.11004607311557402,0.11115481434864695,0.0020453115166771552,50851,12712,10,0.7485319160041399
boosting,raw,7,4,0.20766945668673997,0.6590378690682845,0.019801980198019802,0.4,0.03773584905660377,0.9962828568899903,0.09525348284677612,11257,42,1386,28,0.5,0.11231225352651322,0.1112247305907339,0.0055061747817195,50850,12713,10,0.7396054590062704
boosting,raw,8,0,0.21731654336367245,0.6496920907621845,0.0,0.0,0.0,1.0,0.09493143607979206,11299,0,1414,0,0.5,0.11053246559583899,0.1112247305907339,0.0,50850,12713,10,0.4693574999982957
boosting,raw,8,1,0.21939847688893044,0.6672183909082053,0.006364922206506365,0.75,0.012622720897615708,0.9997344662772172,0.09453878678190576,11295,3,1405,9,0.5,0.11216554353096912,0.11123348017621146,0.0009439899307740718,50851,12712,10,0.4561668750102399
boosting,raw,8,2,0.2255755078279896,0.6694937339120306,0.0,0.0,0.0,0.9999115044247787,0.09422739439856348,11299,1,1413,0,0.5,0.11005734538474132,0.11114607095099505,7.865963973885e-05,50850,12713,10,0.4621017919998849
boosting,raw,8,3,0.21910146710446657,0.6641456348935677,0.0,0.0,0.0,1.0,0.09453900947091586,11299,0,1413,0,0.5,0.11053176955899985,0.11115481434864695,0.0,50851,12712,10,0.47742458299035206
boosting,raw,8,4,0.21009647149290978,0.6624093857175029,0.01272984441301273,0.45,0.024759284731774415,0.998052925037614,0.09484423565521109,11277,22,1396,18,0.5,0.1121527455334937,0.1112247305907339,0.003146385589554,50850,12713,10,0.4456651249929564
boosting,raw,9,0,0.21709786749041793,0.6496737203590259,0.0,0.0,0.0,0.9999114965926188,0.09487532457347714,11298,1,1414,0,0.5,0.11041791829175424,0.1112247305907339,7.865963973885e-05,50850,12713,10,0.6426154999935534
boosting,raw,9,1,0.22170446956582449,0.6697106020441965,0.007072135785007072,0.7692307692307693,0.01401541695865452,0.9997344662772172,0.09442877605211515,11295,3,1404,10,0.5,0.11204625394858515,0.11123348017621146,0.0010226557583385776,50851,12712,10,0.6390884169959463
boosting,raw,9,2,0.22574554870902025,0.6710538050592163,0.0014154281670205238,0.6666666666666666,0.002824858757062147,0.9999115044247787,0.09409704990790665,11299,1,1411,2,0.5,0.1096959763177891,0.11114607095099505,0.00023597891921655,50850,12713,10,0.6449472499953117
boosting,raw,9,3,0.21810994726775199,0.6646615602768647,0.0,0.0,0.0,1.0,0.09444676512597287,11299,0,1413,0,0.5,0.11024795554930829,0.11115481434864695,0.0,50851,12712,10,0.6347961249994114
boosting,raw,9,4,0.2114707203629212,0.6638270363012936,0.01485148514851485,0.4375,0.028727770177838577,0.997610408000708,0.09470893863336068,11272,27,1393,21,0.5,0.11175136056944336,0.1112247305907339,0.0037756627074648,50850,12713,10,0.6338998340070248
boosting,raw,10,0,0.21778679713863264,0.6464040389600261,0.015558698727015558,0.7586206896551724,0.030492030492030493,0.9993804761483317,0.09491067613920996,11292,7,1392,22,0.5,0.11035358543388286,0.1112247305907339,0.00228112955242665,50850,12713,10,0.5308143339934759
boosting,raw,10,1,0.21799681868280868,0.6666524572948911,0.008486562942008486,0.48,0.01667824878387769,0.9988493538679413,0.0945667345980836,11285,13,1402,12,0.5,0.1115573862764299,0.11123348017621146,0.0019666456891126493,50851,12712,10,0.5290032089978922
boosting,raw,10,2,0.222375496088236,0.6642381113428404,0.009200283085633405,0.43333333333333335,0.018018018018018018,0.9984955752212389,0.09426395431336808,11283,17,1400,13,0.5,0.1093845892930056,0.11114607095099505,0.0023597891921655,50850,12713,10,0.5386855420074426
boosting,raw,10,3,0.22249166607586224,0.6628449855616683,0.00778485491861288,0.5,0.015331010452961672,0.999026462518807,0.09426181428458827,11288,11,1402,11,0.5,0.10963563112729831,0.11115481434864695,0.0017306482064191316,50851,12712,10,0.5185789589886554
boosting,raw,10,4,0.2104603467751005,0.6594982244864518,0.02050919377652051,0.46774193548387094,0.03929539295392954,0.9970793875564209,0.09511099366446596,11266,33,1385,29,0.5,0.11230859539148255,0.1112247305907339,0.0048768976638087,50850,12713,10,0.5270508340036031
boosting,raw,11,0,0.21738476105275745,0.6503611239457048,0.0,0.0,0.0,0.9999114965926188,0.09486318218551656,11298,1,1414,0,0.5,0.11041705309786248,0.1112247305907339,7.865963973885e-05,50850,12713,10,0.6330149590066867
boosting,raw,11,1,0.22204879204301958,0.6693480752748668,0.007779349363507779,0.7857142857142857,0.015406162464985995,0.9997344662772172,0.094422557300517,11295,3,1403,11,0.5,0.11203204161036015,0.11123348017621146,0.0011013215859030838,50851,12712,10,0.6437408339988906
boosting,raw,11,2,0.22482490661919205,0.6704765483594186,0.0014154281670205238,0.4,0.0028208744710860366,0.9997345132743363,0.09411340055352442,11297,3,1411,2,0.5,0.10969387375451352,0.11114607095099505,0.00039329819869425,50850,12713,10,0.6383064999972703
boosting,raw,11,3,0.21795679102783366,0.6646021508770763,0.0,0.0,0.0,1.0,0.09445359300742731,11299,0,1413,0,0.5,0.11025935380361457,0.11115481434864695,0.0,50851,12712,10,0.6520800409925869
boosting,raw,11,4,0.2119286957042339,0.6635171491938366,0.019094766619519095,0.5,0.03678474114441417,0.997610408000708,0.09470815363581839,11272,27,1387,27,0.5,0.11180702225235861,0.1112247305907339,0.0042476205458978995,50850,12713,10,0.6523229169979459
boosting,raw,12,0,0.21942265936498037,0.6507143551900865,0.0,0.0,0.0,1.0,0.09478765886431682,11299,0,1414,0,0.5,0.11046854756512167,0.1112247305907339,0.0,50850,12713,10,0.5246952079905896
boosting,raw,12,1,0.22124283939107042,0.6684492542646268,0.006364922206506365,0.75,0.012622720897615708,0.9997344662772172,0.0944113213312149,11295,3,1405,9,0.5,0.11205742116727718,0.11123348017621146,0.0009439899307740718,50851,12712,10,0.49956670799292624
boosting,raw,12,2,0.22672913945471096,0.6711777802829604,0.0007077140835102619,0.5,0.0014134275618374558,0.9999115044247787,0.0940765085158683,11299,1,1412,1,0.5,0.10997464815519101,0.11114607095099505,0.0001573192794777,50850,12713,10,0.5078913330071373
boosting,raw,12,3,0.21930054005683342,0.6640359295021817,0.0,0.0,0.0,1.0,0.09444152757533958,11299,0,1413,0,0.5,0.11023333642956912,0.11115481434864695,0.0,50851,12712,10,0.5051113329973305
boosting,raw,12,4,0.21197002307284735,0.6637200373091309,0.011315417256011316,0.42105263157894735,0.02203856749311295,0.998052925037614,0.09476307748688875,11277,22,1398,16,0.5,0.11201036317778201,0.1112247305907339,0.0029890663100763,50850,12713,10,0.5029235830006655
boosting,raw,13,0,0.21947588498747578,0.6500938924762465,0.007072135785007072,0.7692307692307693,0.01401541695865452,0.9997344897778564,0.09476075118866777,11296,3,1404,10,0.5,0.11054936393723008,0.1112247305907339,0.0010225753166050499,50850,12713,10,0.5185708749922924
boosting,raw,13,1,0.22164430940146845,0.6701671798315557,0.009900990099009901,0.6086956521739131,0.019485038274182326,0.9992033988316517,0.09436191567262187,11289,9,1400,14,0.5,0.11206187502801401,0.11123348017621146,0.0018093140339836375,50851,12712,10,0.5118501250108238
boosting,raw,13,2,0.22483354515072382,0.6700034446260702,0.0021231422505307855,0.23076923076923078,0.004207573632538569,0.9991150442477876,0.09404432409127038,11290,10,1410,3,0.5,0.10975256301057235,0.11114607095099505,0.0010225753166050499,50850,12713,10,0.5118943749985192
boosting,raw,13,3,0.22018177160175373,0.6658148292000112,0.006369426751592357,0.5625,0.012596221133659902,0.9993804761483317,0.09428900557319403,11292,7,1404,9,0.5,0.11026206988830141,0.11115481434864695,0.0012586532410320957,50851,12712,10,0.4861985419993289
boosting,raw,13,4,0.2111132145849174,0.6635487575536156,0.019094766619519095,0.4576271186440678,0.03665987780040733,0.9971678909638021,0.094856434258959,11267,32,1387,27,0.5,0.11211820277330051,0.1112247305907339,0.00464091874459215,50850,12713,10,0.49945429200306535
boosting,raw,14,0,0.21974787558468312,0.6503934833952211,0.0,0.0,0.0,1.0,0.09479877937929544,11299,0,1414,0,0.5,0.1103185379351882,0.1112247305907339,0.0,50850,12713,10,0.5142923329985933
boosting,raw,14,1,0.22165257934188157,0.6690891141689848,0.002828854314002829,0.8,0.005637773079633545,0.9999114887590724,0.09441950980391572,11297,1,1410,4,0.5,0.1119451975768592,0.11123348017621146,0.0003933291378225299,50851,12712,10,0.49435437499778345
boosting,raw,14,2,0.22711069563627403,0.6716531386806457,0.0,0.0,0.0,1.0,0.09406432812259877,11300,0,1413,0,0.5,0.10964095622400859,0.11114607095099505,0.0,50850,12713,10,0.5210954170033801
boosting,raw,14,3,0.22013930785843722,0.6645327824951409,0.0,0.0,0.0,1.0,0.09443666456516572,11299,0,1413,0,0.5,0.11010685429580751,0.11115481434864695,0.0,50851,12712,10,0.5084448749985313
boosting,raw,14,4,0.2123828582311863,0.663673000314331,0.010608203677510608,0.39473684210526316,0.02066115702479339,0.9979644216302328,0.0947205970079681,11276,23,1399,15,0.5,0.11174182016892349,0.1112247305907339,0.0029890663100763,50850,12713,10,0.5008748749969527
boosting,raw,15,0,0.22009569917291597,0.648651800180587,0.0,0.0,0.0,1.0,0.09492664180047877,11299,0,1414,0,0.5,0.10983435989016026,0.1112247305907339,0.0,50850,12713,10,0.5923180829995545
boosting,raw,15,1,0.21798564369015477,0.6674517814045269,0.0,0.0,0.0,1.0,0.09455815766236221,11298,0,1414,0,0.5,0.11129315441012809,0.11123348017621146,0.0,50851,12712,10,0.5690845839999383
boosting,raw,15,2,0.22489273857631822,0.6691457953641596,0.0,0.0,0.0,1.0,0.09433195275295554,11300,0,1413,0,0.5,0.10919890556225341,0.11114607095099505,0.0,50850,12713,10,0.5774257089942694
boosting,raw,15,3,0.2179173927312644,0.6648779332569059,0.0,0.0,0.0,1.0,0.09456448407606104,11299,0,1413,0,0.5,0.10967973885390901,0.11115481434864695,0.0,50851,12712,10,0.5744333749898942
boosting,raw,15,4,0.21121386029962674,0.6626167177804096,0.0,0.0,0.0,1.0,0.09479688962589125,11299,0,1414,0,0.5,0.11117876094835474,0.1112247305907339,0.0,50850,12713,10,0.5665113339928212
boosting,raw,16,0,0.21868979991924994,0.6499026149564749,0.007072135785007072,0.7692307692307693,0.01401541695865452,0.9997344897778564,0.09479489824977386,11296,3,1404,10,0.5,0.11049861694173983,0.1112247305907339,0.0010225753166050499,50850,12713,10,0.6814430829981575
boosting,raw,16,1,0.22185321866910432,0.6690676749186185,0.011315417256011316,0.6153846153846154,0.022222222222222223,0.999114887590724,0.09439775352947169,11288,10,1398,16,0.5,0.11202265298438231,0.11123348017621146,0.0020453115166771552,50851,12712,10,0.6650492910121102
boosting,raw,16,2,0.2260647164195791,0.6704184281231798,0.0014154281670205238,0.25,0.0028149190710767065,0.9994690265486725,0.09403306747039915,11294,6,1411,2,0.5,0.10993556251699124,0.11114607095099505,0.0006292771179108,50850,12713,10,0.6750650830072118
boosting,raw,16,3,0.21984125868778118,0.6645215394932833,0.004246284501061571,0.46153846153846156,0.008415147265077139,0.9993804761483317,0.09431605652448763,11292,7,1407,6,0.5,0.11029970000322842,0.11115481434864695,0.0010226557583385776,50851,12712,10,0.6691757079970557
boosting,raw,16,4,0.2112185915500711,0.663659856243928,0.018387553041018388,0.4406779661016949,0.035302104548540394,0.9970793875564209,0.094848699820794,11266,33,1388,26,0.5,0.11214541967845021,0.1112247305907339,0.00464091874459215,50850,12713,10,0.6648574159917189
boosting,raw,17,0,0.21816560397328338,0.649879769310298,0.010608203677510608,0.8333333333333334,0.02094972067039106,0.9997344897778564,0.09474640226073017,11296,3,1399,15,0.5,0.11051432179297219,0.1112247305907339,0.0014158735152993,50850,12713,10,0.666395125008421
boosting,raw,17,1,0.22085045648382579,0.6710270659112039,0.013437057991513438,0.5757575757575758,0.02626123013130615,0.9987608426270136,0.09435617724919172,11284,14,1395,19,0.5,0.11205770989911205,0.11123348017621146,0.0025959723096286975,50851,12712,10,0.6728875419939868
boosting,raw,17,2,0.22460993647679894,0.6696867582310906,0.0028308563340410475,0.3076923076923077,0.005610098176718092,0.9992035398230088,0.09405708145569272,11291,9,1409,4,0.5,0.10959799438791738,0.11114607095099505,0.0010225753166050499,50850,12713,10,0.655412249994697
boosting,raw,17,3,0.2200830081580432,0.6652151919950829,0.005661712668082095,0.5,0.01119664100769769,0.9992919727409505,0.09430907556495284,11291,8,1405,8,0.5,0.11024391868216495,0.11115481434864695,0.0012586532410320957,50851,12712,10,0.6646890839911066
boosting,raw,17,4,0.21098577788573375,0.6633302217354604,0.018387553041018388,0.43333333333333335,0.035278154681139755,0.9969908841490397,0.09490659929243277,11265,34,1388,26,0.5,0.11213161418464862,0.1112247305907339,0.004719578384331,50850,12713,10,0.6554944590025116
boosting,raw,18,0,0.21906360503114888,0.6492407797162708,0.0,0.0,0.0,1.0,0.09493313249073934,11299,0,1414,0,0.5,0.11057325125966878,0.1112247305907339,0.0,50850,12713,10,0.5126342080038739
boosting,raw,18,1,0.21982290319261255,0.6669650634739522,0.0,0.0,0.0,1.0,0.09454054266172093,11298,0,1414,0,0.5,0.11228447053449983,0.11123348017621146,0.0,50851,12712,10,0.5216124169965042
boosting,raw,18,2,0.22580852695101852,0.6698652838058734,0.0,0.0,0.0,1.0,0.0942905062683113,11300,0,1413,0,0.5,0.11023608663260577,0.11114607095099505,0.0,50850,12713,10,0.49700070900144055
boosting,raw,18,3,0.21696359842244564,0.6644079820427651,0.0,0.0,0.0,1.0,0.09463161401706441,11299,0,1413,0,0.5,0.11056708948948867,0.11115481434864695,0.0,50851,12712,10,0.5215116250037681
boosting,raw,18,4,0.21139209083478566,0.6616522246714702,0.009193776520509194,0.43333333333333335,0.018005540166204988,0.9984954420745199,0.09480841837394974,11282,17,1401,13,0.5,0.11202749495968305,0.1112247305907339,0.0023597891921655,50850,12713,10,0.4956642089964589
boosting,raw,19,0,0.21957193256706117,0.6488523098450465,0.01272984441301273,0.6923076923076923,0.025,0.9992919727409505,0.09475428402108943,11291,8,1396,18,0.5,0.11052032913148542,0.1112247305907339,0.0020451506332100997,50850,12713,10,0.6190957079961663
boosting,raw,19,1,0.21851162176251993,0.6679641951373652,0.012022630834512023,0.5483870967741935,0.023529411764705882,0.9987608426270136,0.09451176077032668,11284,14,1397,17,0.5,0.11159414655255434,0.11123348017621146,0.0024386406544996855,50851,12712,10,0.6217217500088736
boosting,raw,19,2,0.22123113219978296,0.6650616274918738,0.009907997169143666,0.4827586206896552,0.019417475728155338,0.9986725663716814,0.0942313506812436,11285,15,1399,14,0.5,0.10954852123020486,0.11114607095099505,0.00228112955242665,50850,12713,10,0.6232368750061141
boosting,raw,19,3,0.2199029495193754,0.6655045975108684,0.006369426751592357,0.5,0.012578616352201259,0.9992034693335693,0.09428191469008267,11290,9,1404,9,0.5,0.11010575512743451,0.11115481434864695,0.0014159848961611077,50851,12712,10,0.6289181659958558
boosting,raw,19,4,0.2116198569777593,0.662117587354553,0.019094766619519095,0.46551724137931033,0.036684782608695655,0.9972563943711833,0.094969882482528,11268,31,1387,27,0.5,0.11220969512020526,0.1112247305907339,0.0045622591048533,50850,12713,10,0.6306806249922374
boosting,raw,20,0,0.2191870521855567,0.6486642870474699,0.011315417256011316,0.8421052631578947,0.022330774598743892,0.9997344897778564,0.094758111667058,11296,3,1398,16,0.5,0.11044132529419645,0.1112247305907339,0.00149453315503815,50850,12713,10,0.7213349999947241
boosting,raw,20,1,0.22114902390787466,0.6696745152475949,0.004243281471004243,0.5454545454545454,0.008421052631578947,0.999557443795362,0.09438944652257336,11293,5,1408,6,0.5,0.11171909387878953,0.11123348017621146,0.0008653241032095658,50851,12712,10,0.7239436669915449
boosting,raw,20,2,0.2234793367251719,0.6675341800850509,0.0028308563340410475,0.3076923076923077,0.005610098176718092,0.9992035398230088,0.0941056274935262,11291,9,1409,4,0.5,0.10935855547174354,0.11114607095099505,0.0010225753166050499,50850,12713,10,0.7267296249920037
boosting,raw,20,3,0.22077126061744096,0.6654872789035499,0.004246284501061571,0.5454545454545454,0.008426966292134831,0.9995574829630941,0.09423411699562764,11294,5,1407,6,0.5,0.10967079120844324,0.11115481434864695,0.0008653241032095658,50851,12712,10,0.7210736670094775
boosting,raw,20,4,0.21010187382739565,0.661644713774097,0.01768033946251768,0.43859649122807015,0.03399048266485384,0.9971678909638021,0.09494674729026117,11267,32,1389,25,0.5,0.1119067939151674,0.1112247305907339,0.00448359946511445,50850,12713,10,0.7180252920079511
boosting,raw,21,0,0.21920680820426372,0.6506875037319771,0.002828854314002829,0.8,0.005637773079633545,0.9999114965926188,0.09478174347944215,11298,1,1410,4,0.5,0.11050332917422177,0.1112247305907339,0.00039329819869425,50850,12713,10,0.6818954999907874
boosting,raw,21,1,0.22226936542870518,0.6692477646216939,0.007779349363507779,0.6111111111111112,0.015363128491620111,0.9993804213135068,0.09438396840369188,11291,7,1403,11,0.5,0.1120771968151032,0.11123348017621146,0.0014159848961611077,50851,12712,10,0.6969707920070505
boosting,raw,21,2,0.22638328153059686,0.6712111305262763,0.0007077140835102619,0.25,0.0014114326040931546,0.9997345132743363,0.09403236476392475,11297,3,1412,1,0.5,0.11000761529424528,0.11114607095099505,0.0003146385589554,50850,12713,10,0.6862650830007624
boosting,raw,21,3,0.21985153413825909,0.6642803316929825,0.0021231422505307855,0.6,0.004231311706629055,0.9998229931852376,0.0943505743310836,11297,2,1410,3,0.5,0.11021509775982019,0.11115481434864695,0.0003933291378225299,50851,12712,10,0.7044818330032285
boosting,raw,21,4,0.21202073431055152,0.6639459275476307,0.01768033946251768,0.43859649122807015,0.03399048266485384,0.9971678909638021,0.09480185637793015,11267,32,1389,25,0.5,0.11214018073792346,0.1112247305907339,0.00448359946511445,50850,12713,10,0.6788497079978697
boosting,raw,22,0,0.2185875384806382,0.6489893211312964,0.0,0.0,0.0,1.0,0.09500505901403845,11299,0,1414,0,0.5,0.11040941162724728,0.1112247305907339,0.0,50850,12713,10,0.5139683340094052
boosting,raw,22,1,0.2192207791026342,0.6662328113548781,0.0,0.0,0.0,1.0,0.09461912325563264,11298,0,1414,0,0.5,0.11194720743313914,0.11123348017621146,0.0,50851,12712,10,0.5084159999969415
boosting,raw,22,2,0.22621749062599183,0.6695667599847184,0.0,0.0,0.0,1.0,0.0943307966007879,11300,0,1413,0,0.5,0.11003331539822747,0.11114607095099505,0.0,50850,12713,10,0.5039516660035588
boosting,raw,22,3,0.21599152280687978,0.6639383126866095,0.0,0.0,0.0,1.0,0.0946719339888947,11299,0,1413,0,0.5,0.11038531805557932,0.11115481434864695,0.0,50851,12712,10,0.5580673330114223
boosting,raw,22,4,0.21076583624700548,0.6627224023655321,0.0,0.0,0.0,1.0,0.09485675435692723,11299,0,1414,0,0.5,0.1117031535747843,0.1112247305907339,0.0,50850,12713,10,0.5403157079999801
boosting,raw,23,0,0.21962741816607895,0.6477334052042758,0.011315417256011316,0.7619047619047619,0.02229965156794425,0.9995574829630941,0.09479518963096002,11294,5,1398,16,0.5,0.11035442268943767,0.1112247305907339,0.0016518524345158498,50850,12713,10,0.8179554170055781
boosting,raw,23,1,0.22057533855566935,0.6692339934243785,0.010608203677510608,0.5172413793103449,0.02079002079002079,0.9987608426270136,0.094420227001181,11284,14,1399,15,0.5,0.1114951671094893,0.11123348017621146,0.0022813089993706736,50851,12712,10,0.8061673339980189
boosting,raw,23,2,0.22379678106653664,0.6682203495982314,0.005661712668082095,0.4,0.011165387299371946,0.9989380530973452,0.09411381961263297,11288,12,1405,8,0.5,0.10969585309858342,0.11114607095099505,0.001573192794777,50850,12713,10,0.8049311669892631
boosting,raw,23,3,0.2221629111903068,0.6660287280932926,0.007077140835102618,0.4166666666666667,0.013917884481558803,0.9987609522966634,0.09418426286853063,11285,14,1403,10,0.5,0.11012704021816193,0.11115481434864695,0.0018879798615481435,50851,12712,10,0.8303952080023009
boosting,raw,23,4,0.21245072330206974,0.6624613047955953,0.018387553041018388,0.4482758620689655,0.035326086956521736,0.9971678909638021,0.09494830448681567,11267,32,1388,26,0.5,0.11224796821315486,0.1112247305907339,0.0045622591048533,50850,12713,10,0.7783889589918545
boosting,raw,24,0,0.21896544600146084,0.6500459166192749,0.0,0.0,0.0,1.0,0.09485189335830234,11299,0,1414,0,0.5,0.11042781382146065,0.1112247305907339,0.0,50850,12713,10,0.5502565420028986
boosting,raw,24,1,0.2211519132408363,0.667738629184973,0.004243281471004243,0.75,0.008438818565400843,0.9998229775181448,0.09446223953414977,11296,2,1408,6,0.5,0.11206401393487199,0.11123348017621146,0.0006293266205160479,50851,12712,10,0.5489092079951661
boosting,raw,24,2,0.2272208758009712,0.6715000720239996,0.0,0.0,0.0,1.0,0.09407944556918722,11300,0,1413,0,0.5,0.11003883190968322,0.11114607095099505,0.0,50850,12713,10,0.5743123329884838
boosting,raw,24,3,0.21766420923596608,0.6642755087896787,0.0,0.0,0.0,1.0,0.09449032825883358,11299,0,1413,0,0.5,0.11029469628841707,0.11115481434864695,0.0,50851,12712,10,0.551579374994617
boosting,raw,24,4,0.2125057921865148,0.6625381037212366,0.009900990099009901,0.4117647058823529,0.019337016574585635,0.9982299318523763,0.09475170008023388,11279,20,1400,14,0.5,0.11194964550641445,0.1112247305907339,0.0026744277511209,50850,12713,10,0.5525501669908408
boosting,raw,25,0,0.21814099092569114,0.6492486974539184,0.0,0.0,0.0,1.0,0.09485856642260068,11299,0,1414,0,0.5,0.11048755741008555,0.1112247305907339,0.0,50850,12713,10,0.6430629160022363
boosting,raw,25,1,0.22056517684978671,0.6670549518346114,0.007072135785007072,0.7692307692307693,0.01401541695865452,0.9997344662772172,0.09450182302262806,11295,3,1404,10,0.5,0.11209755912150726,0.11123348017621146,0.0010226557583385776,50851,12712,10,0.6447732079977868
boosting,raw,25,2,0.22579520972960143,0.6688501525029905,0.0,0.0,0.0,0.9999115044247787,0.09418502962867394,11299,1,1413,0,0.5,0.11019852689510094,0.11114607095099505,7.865963973885e-05,50850,12713,10,0.6584458330034977
boosting,raw,25,3,0.21931426881366878,0.6646460894052276,0.0,0.0,0.0,1.0,0.09443042099196462,11299,0,1413,0,0.5,0.11063120716155882,0.11115481434864695,0.0,50851,12712,10,0.654550332998042
boosting,raw,25,4,0.21102368617365624,0.6619901211670483,0.013437057991513438,0.4418604651162791,0.02608098833218943,0.9978759182228516,0.09489126750684176,11275,24,1395,19,0.5,0.11227880706342626,0.1112247305907339,0.0033823645087705497,50850,12713,10,0.6331987080047838
boosting,raw,26,0,0.22119313401953022,0.6500998073079279,0.0049504950495049506,0.875,0.009845288326300985,0.9999114965926188,0.09475456385927779,11298,1,1407,7,0.5,0.11037643147061531,0.1112247305907339,0.0006292771179108,50850,12713,10,0.5443308329995489
boosting,raw,26,1,0.22301537092367688,0.6692292361016695,0.007072135785007072,0.6666666666666666,0.013995801259622114,0.999557443795362,0.0943310337423162,11293,5,1404,10,0.5,0.11211894439471583,0.11123348017621146,0.0011799874134675898,50851,12712,10,0.531395790996612
boosting,raw,26,2,0.22702499107650426,0.669989227714835,0.0007077140835102619,0.3333333333333333,0.0014124293785310734,0.9998230088495575,0.09406047770171229,11298,2,1412,1,0.5,0.1101803467577611,0.11114607095099505,0.00023597891921655,50850,12713,10,0.5463427500071703
boosting,raw,26,3,0.21821885605348196,0.6642521145768995,0.0007077140835102619,0.3333333333333333,0.0014124293785310734,0.9998229931852376,0.09443081173724024,11297,2,1412,1,0.5,0.1104798101801896,0.11115481434864695,0.00023599748269351794,50851,12712,10,0.5566919580014655
boosting,raw,26,4,0.21086411148092815,0.6619638017308362,0.01485148514851485,0.4666666666666667,0.02878684030157642,0.9978759182228516,0.09486872323613628,11275,24,1393,21,0.5,0.11230835729455876,0.1112247305907339,0.0035396837882482497,50850,12713,10,0.520429291005712
boosting,raw,27,0,0.2193710238950392,0.6499640478379068,0.006364922206506365,0.9,0.012640449438202247,0.9999114965926188,0.0947546923192938,11298,1,1405,9,0.5,0.11036485878288244,0.1112247305907339,0.0007865963973885,50850,12713,10,0.4847000829904573
boosting,raw,27,1,0.2219534131617705,0.6697151402796755,0.004243281471004243,0.5454545454545454,0.008421052631578947,0.999557443795362,0.09432270495103355,11293,5,1408,6,0.5,0.1119456179717541,0.11123348017621146,0.0008653241032095658,50851,12712,10,0.4750557499937713
boosting,raw,27,2,0.22618362974367548,0.6691829660109351,0.0021231422505307855,0.5,0.004228329809725159,0.9997345132743363,0.09406728659795134,11297,3,1410,3,0.5,0.10998545513737107,0.11114607095099505,0.0004719578384331,50850,12713,10,0.4849566250049975
boosting,raw,27,3,0.21919870352857473,0.6641363022624991,0.0021231422505307855,0.42857142857142855,0.004225352112676056,0.9996459863704753,0.09436242668255691,11295,4,1410,3,0.5,0.11052073130858385,0.11115481434864695,0.0005506607929515419,50851,12712,10,0.4924172080063727
boosting,raw,27,4,0.21144740585110586,0.6631368474235058,0.01485148514851485,0.4117647058823529,0.028668941979522185,0.9973448977785645,0.09486430695597718,11269,30,1393,21,0.5,0.11234587802211536,0.1112247305907339,0.00401164162668135,50850,12713,10,0.48257445900526363
boosting,raw,28,0,0.2200249709874318,0.6491127502114631,0.008486562942008486,0.7058823529411765,0.016771488469601678,0.9995574829630941,0.09473790454794014,11294,5,1402,12,0.5,0.11033406808227184,0.1112247305907339,0.00133721387556045,50850,12713,10,0.7438771669985726
boosting,raw,28,1,0.22307884729414426,0.6697009935042514,0.009193776520509194,0.48148148148148145,0.018043025676613464,0.9987608426270136,0.09430266874141911,11284,14,1401,13,0.5,0.11183396307030892,0.11123348017621146,0.0021239773442416616,50851,12712,10,0.7392669580003712
boosting,raw,28,2,0.22322785908972198,0.6671898427371625,0.003538570417551309,0.4166666666666667,0.007017543859649123,0.9993805309734514,0.09412223871775587,11293,7,1408,5,0.5,0.10988856544829347,0.11114607095099505,0.0009439156768662,50850,12713,10,0.7408098330051871
boosting,raw,28,3,0.22016799621767602,0.6639762069268542,0.00778485491861288,0.4782608695652174,0.01532033426183844,0.9989379591114258,0.09431743647578394,11287,12,1402,11,0.5,0.11044080246509233,0.11115481434864695,0.0018093140339836375,50851,12712,10,0.7383518339920556
boosting,raw,28,4,0.21169504455700122,0.6620099624542759,0.02050919377652051,0.48333333333333334,0.03934871099050204,0.9972563943711833,0.09490192259057338,11268,31,1385,29,0.5,0.11233847895529797,0.1112247305907339,0.004719578384331,50850,12713,10,0.7451872499950696
boosting,raw,29,0,0.2184761312536853,0.6494336220063284,0.008486562942008486,0.75,0.016783216783216783,0.9996459863704753,0.0947836313741278,11295,4,1402,12,0.5,0.11031886973700981,0.1112247305907339,0.0012585542358216,50850,12713,10,0.5967832919995999
boosting,raw,29,1,0.2227550024150143,0.66923471328242,0.004243281471004243,0.6,0.008426966292134831,0.9996459550362896,0.09432469435176233,11294,4,1408,6,0.5,0.11186434392264788,0.11123348017621146,0.0007866582756450598,50851,12712,10,0.5820207090000622
boosting,raw,29,2,0.22504860068678206,0.6683728525887931,0.0021231422505307855,0.3333333333333333,0.004219409282700422,0.9994690265486725,0.09409205223878275,11294,6,1410,3,0.5,0.11003818575588231,0.11114607095099505,0.00070793675764965,50850,12713,10,0.608511250000447
boosting,raw,29,3,0.22066845425998904,0.6642157548967971,0.004246284501061571,0.5,0.008421052631578947,0.9994689795557129,0.0942927255498538,11293,6,1407,6,0.5,0.1104054093876195,0.11115481434864695,0.0009439899307740718,50851,12712,10,0.6119350420049159
boosting,raw,29,4,0.2114856348286728,0.6631041437245263,0.016265912305516265,0.42592592592592593,0.031335149863760216,0.9972563943711833,0.09486677675526925,11268,31,1391,23,0.5,0.11236476331062516,0.1112247305907339,0.0042476205458978995,50850,12713,10,0.5909456249937648
forest,raw,0,0,0.2120693484978738,0.6494806277057226,0.0,0.0,0.0,1.0,0.09536413652277179,11299,0,1414,0,0.5,0.11046486895194534,0.1112247305907339,0.0,50850,12713,76,2.955753292000736
forest,raw,0,1,0.2191173138811733,0.6656571753070915,0.0,0.0,0.0,1.0,0.09495174346355036,11298,0,1414,0,0.5,0.11172719039837185,0.11123348017621146,0.0,50851,12712,76,2.96797083299316
forest,raw,0,2,0.22154347469969876,0.6682600567423858,0.0,0.0,0.0,1.0,0.09485226529192128,11300,0,1413,0,0.5,0.1100871850803624,0.11114607095099505,0.0,50850,12713,77,2.8982870830077445
forest,raw,0,3,0.22343901087391013,0.6664827073549339,0.0,0.0,0.0,1.0,0.09471805146666123,11299,0,1413,0,0.5,0.11049715155270884,0.11115481434864695,0.0,50851,12712,76,2.9134902080113534
forest,raw,0,4,0.21185376743258968,0.6602382982409604,0.0,0.0,0.0,1.0,0.09506891325384818,11299,0,1414,0,0.5,0.1121867644894147,0.1112247305907339,0.0,50850,12713,76,2.889720124992891
