feature,category,train_count,encoded_as
age,[70-80),16056,[70-80)
age,[60-70),14081,[60-70)
age,[50-60),10805,[50-60)
age,[80-90),10689,[80-90)
age,[40-50),6094,[40-50)
age,[30-40),2486,[30-40)
age,[90-100),1680,[90-100)
age,[20-30),1121,[20-30)
age,[10-20),457,[10-20)
age,[0-10),94,[0-10)
gender,Female,34340,Female
gender,Male,29220,Male
gender,Unknown,3,Unknown
admission_type_id,1,33798,1
admission_type_id,3,12027,3
admission_type_id,2,11761,2
admission_type_id,Unknown,5957,Unknown
admission_type_id,7,13,Other
admission_type_id,4,7,Other
admission_source_id,7,36058,7
admission_source_id,1,18893,1
admission_source_id,Unknown,4157,Unknown
admission_source_id,4,1761,4
admission_source_id,6,1478,6
admission_source_id,2,651,2
admission_source_id,5,471,5
admission_source_id,3,67,Other
admission_source_id,8,9,Other
admission_source_id,22,7,Other
admission_source_id,10,6,Other
admission_source_id,14,2,Other
admission_source_id,11,1,Other
admission_source_id,25,1,Other
admission_source_id,13,1,Other
discharge_disposition_id,1,42185,1
discharge_disposition_id,3,9805,3
discharge_disposition_id,6,8998,6
discharge_disposition_id,22,1420,22
discharge_disposition_id,4,600,4
discharge_disposition_id,7,424,7
discharge_disposition_id,8,74,Other
discharge_disposition_id,24,35,Other
discharge_disposition_id,17,12,Other
discharge_disposition_id,16,10,Other
medical_specialty,Unknown,30688,Unknown
medical_specialty,InternalMedicine,9403,InternalMedicine
medical_specialty,Emergency/Trauma,4965,Emergency/Trauma
medical_specialty,Family/GeneralPractice,4441,Family/GeneralPractice
medical_specialty,Cardiology,3479,Cardiology
medical_specialty,Surgery-General,2040,Surgery-General
medical_specialty,Nephrology,976,Nephrology
medical_specialty,Orthopedics,812,Orthopedics
medical_specialty,Radiologist,762,Radiologist
medical_specialty,Orthopedics-Reconstructive,728,Orthopedics-Reconstructive
medical_specialty,Pulmonology,548,Pulmonology
medical_specialty,Psychiatry,537,Psychiatry
medical_specialty,Urology,454,Urology
medical_specialty,Surgery-Cardiovascular/Thoracic,424,Surgery-Cardiovascular/Thoracic
medical_specialty,ObstetricsandGynecology,417,ObstetricsandGynecology
medical_specialty,Surgery-Vascular,364,Surgery-Vascular
medical_specialty,Gastroenterology,353,Gastroenterology
medical_specialty,Surgery-Neuro,276,Surgery-Neuro
medical_specialty,Oncology,238,Oncology
medical_specialty,PhysicalMedicineandRehabilitation,174,PhysicalMedicineandRehabilitation
medical_specialty,Pediatrics,152,Pediatrics
medical_specialty,Neurology,133,Neurology
medical_specialty,Hematology/Oncology,121,Hematology/Oncology
medical_specialty,Pediatrics-Endocrinology,99,Other
medical_specialty,Otolaryngology,80,Other
medical_specialty,Endocrinology,79,Other
medical_specialty,Surgery-Thoracic,77,Other
medical_specialty,Podiatry,74,Other
medical_specialty,Surgery-Cardiovascular,72,Other
medical_specialty,Pediatrics-CriticalCare,69,Other
medical_specialty,Hematology,59,Other
medical_specialty,Psychology,56,Other
medical_specialty,Gynecology,39,Other
medical_specialty,Hospitalist,38,Other
medical_specialty,Radiology,30,Other
medical_specialty,Surgeon,28,Other
medical_specialty,Ophthalmology,27,Other
medical_specialty,Surgery-Plastic,25,Other
medical_specialty,SurgicalSpecialty,24,Other
medical_specialty,InfectiousDiseases,21,Other
medical_specialty,Osteopath,20,Other
medical_specialty,Obstetrics,14,Other
medical_specialty,Obsterics&Gynecology-GynecologicOnco,12,Other
medical_specialty,Anesthesiology-Pediatric,12,Other
medical_specialty,Pediatrics-Pulmonology,11,Other
medical_specialty,Rheumatology,10,Other
medical_specialty,PhysicianNotFound,9,Other
medical_specialty,Pathology,9,Other
medical_specialty,Anesthesiology,8,Other
medical_specialty,Surgery-Maxillofacial,8,Other
medical_specialty,Pediatrics-Neurology,8,Other
medical_specialty,OutreachServices,7,Other
medical_specialty,Surgery-Pediatric,7,Other
medical_specialty,Surgery-Colon&Rectal,6,Other
medical_specialty,Psychiatry-Child/Adolescent,5,Other
medical_specialty,Cardiology-Pediatric,5,Other
medical_specialty,DCPTEAM,5,Other
medical_specialty,AllergyandImmunology,4,Other
medical_specialty,Endocrinology-Metabolism,4,Other
medical_specialty,Pediatrics-AllergyandImmunology,3,Other
medical_specialty,Pediatrics-Hematology-Oncology,2,Other
medical_specialty,Resident,2,Other
medical_specialty,Pediatrics-EmergencyMedicine,2,Other
medical_specialty,Dermatology,1,Other
medical_specialty,SportsMedicine,1,Other
medical_specialty,Speech,1,Other
medical_specialty,Perinatology,1,Other
medical_specialty,Neurophysiology,1,Other
medical_specialty,Pediatrics-InfectiousDiseases,1,Other
medical_specialty,Dentistry,1,Other
medical_specialty,Proctology,1,Other
diag_1,428,4220,428
diag_1,414,3938,414
diag_1,786,2579,786
diag_1,486,2218,486
diag_1,410,1905,410
diag_1,427,1757,427
diag_1,491,1467,491
diag_1,715,1359,715
diag_1,682,1290,682
diag_1,780,1269,780
diag_1,996,1243,996
diag_1,434,1204,434
diag_1,276,1183,276
diag_1,250.8,1079,250.8
diag_1,599,1027,599
diag_1,38,963,38
diag_1,584,951,584
diag_1,250.6,775,250.6
diag_1,493,696,493
diag_1,435,685,435
diag_1,577,684,577
diag_1,V57,673,V57
diag_1,562,660,562
diag_1,820,655,820
diag_1,574,627,574
diag_1,518,591,518
diag_1,250.13,579,250.13
diag_1,296,577,296
diag_1,560,572,560
diag_1,440,559,440
diag_1,250.7,517,250.7
diag_1,433,492,433
diag_1,998,484,998
diag_1,722,480,722
diag_1,250.02,442,250.02
diag_1,578,438,578
diag_1,250.11,432,250.11
diag_1,789,392,789
diag_1,453,359,453
diag_1,530,351,530
diag_1,8,332,8
diag_1,507,322,507
diag_1,403,318,403
diag_1,724,299,724
diag_1,402,297,402
diag_1,415,292,415
diag_1,458,285,458
diag_1,535,280,535
diag_1,278,274,278
diag_1,295,267,295
diag_1,250.82,264,250.82
diag_1,250.12,264,250.12
diag_1,997,259,997
diag_1,592,243,592
diag_1,285,243,285
diag_1,401,240,401
diag_1,733,230,733
diag_1,558,230,558
diag_1,590,224,590
diag_1,162,218,162
diag_1,280,214,280
diag_1,482,207,482
diag_1,824,205,824
diag_1,250.1,201,250.1
diag_1,569,185,569
diag_1,153,183,153
diag_1,648,182,648
diag_1,404,179,404
diag_1,531,176,531
diag_1,250.4,175,250.4
diag_1,787,175,787
diag_1,426,173,426
diag_1,466,169,466
diag_1,571,165,571
diag_1,707,164,707
diag_1,197,163,197
diag_1,511,163,511
diag_1,730,161,730
diag_1,250,160,250
diag_1,V58,158,V58
diag_1,552,157,552
diag_1,532,153,532
diag_1,812,144,812
diag_1,600,141,600
diag_1,575,140,575
diag_1,805,139,805
diag_1,572,139,572
diag_1,540,133,540
diag_1,198,132,198
diag_1,411,132,411
diag_1,250.03,128,250.03
diag_1,250.81,126,250.81
diag_1,721,118,721
diag_1,185,115,185
diag_1,618,113,618
diag_1,331,112,331
diag_1,436,103,436
diag_1,557,103,557
diag_1,564,101,564
diag_1,424,100,424
diag_1,553,98,Other
diag_1,386,95,Other
diag_1,821,93,Other
diag_1,790,93,Other
diag_1,174,90,Other
diag_1,444,90,Other
diag_1,823,89,Other
diag_1,189,89,Other
diag_1,784,88,Other
diag_1,348,88,Other
diag_1,250.22,87,Other
diag_1,398,86,Other
diag_1,536,85,Other
diag_1,808,84,Other
diag_1,182,82,Other
diag_1,218,80,Other
diag_1,728,79,Other
diag_1,681,78,Other
diag_1,781,77,Other
diag_1,441,77,Other
diag_1,250.2,75,Other
diag_1,431,75,Other
diag_1,413,75,Other
diag_1,537,74,Other
diag_1,515,74,Other
diag_1,188,71,Other
diag_1,459,71,Other
diag_1,292,71,Other
diag_1,729,70,Other
diag_1,274,70,Other
diag_1,345,69,Other
diag_1,487,68,Other
diag_1,443,67,Other
diag_1,346,64,Other
diag_1,785,64,Other
diag_1,202,61,Other
diag_1,726,61,Other
diag_1,294,61,Other
diag_1,593,61,Other
diag_1,211,61,Other
diag_1,566,60,Other
diag_1,79,59,Other
diag_1,807,59,Other
diag_1,287,59,Other
diag_1,250.42,59,Other
diag_1,813,59,Other
diag_1,288,58,Other
diag_1,654,58,Other
diag_1,490,58,Other
diag_1,437,57,Other
diag_1,157,56,Other
diag_1,496,56,Other
diag_1,300,56,Other
diag_1,455,56,Other
diag_1,282,56,Other
diag_1,782,55,Other
diag_1,154,55,Other
diag_1,626,53,Other
diag_1,852,53,Other
diag_1,250.83,53,Other
diag_1,250.41,53,Other
diag_1,425,53,Other
diag_1,438,53,Other
diag_1,576,53,Other
diag_1,432,52,Other
diag_1,595,51,Other
diag_1,642,49,Other
diag_1,995,49,Other
diag_1,112,49,Other
diag_1,481,48,Other
diag_1,416,48,Other
diag_1,423,48,Other
diag_1,290,46,Other
diag_1,608,46,Other
diag_1,291,45,Other
diag_1,711,44,Other
diag_1,723,44,Other
diag_1,238,44,Other
diag_1,V55,42,Other
diag_1,250.01,42,Other
diag_1,620,41,Other
diag_1,719,41,Other
diag_1,585,41,Other
diag_1,447,40,Other
diag_1,151,38,Other
diag_1,420,37,Other
diag_1,303,37,Other
diag_1,53,37,Other
diag_1,567,37,Other
diag_1,625,37,Other
diag_1,284,36,Other
diag_1,332,36,Other
diag_1,799,35,Other
diag_1,738,35,Other
diag_1,253,34,Other
diag_1,311,34,Other
diag_1,298,34,Other
diag_1,924,33,Other
diag_1,250.92,33,Other
diag_1,822,33,Other
diag_1,275,33,Other
diag_1,550,33,Other
diag_1,965,33,Other
diag_1,850,33,Other
diag_1,788,32,Other
diag_1,716,32,Other
diag_1,241,31,Other
diag_1,V53,30,Other
diag_1,555,30,Other
diag_1,220,30,Other
diag_1,70,30,Other
diag_1,V54,29,Other
diag_1,512,29,Other
diag_1,9,29,Other
diag_1,962,29,Other
diag_1,959,29,Other
diag_1,519,29,Other
diag_1,340,29,Other
diag_1,556,29,Other
diag_1,42,28,Other
diag_1,922,28,Other
diag_1,727,28,Other
diag_1,604,28,Other
diag_1,227,28,Other
diag_1,155,27,Other
diag_1,969,27,Other
diag_1,191,27,Other
diag_1,286,26,Other
diag_1,225,26,Other
diag_1,465,26,Other
diag_1,596,25,Other
diag_1,309,25,Other
diag_1,451,25,Other
diag_1,293,25,Other
diag_1,514,25,Other
diag_1,516,24,Other
diag_1,714,23,Other
diag_1,802,23,Other
diag_1,844,23,Other
diag_1,644,23,Other
diag_1,239,22,Other
diag_1,783,22,Other
diag_1,349,22,Other
diag_1,429,22,Other
diag_1,203,22,Other
diag_1,611,22,Other
diag_1,193,21,Other
diag_1,485,21,Other
diag_1,304,21,Other
diag_1,510,21,Other
diag_1,233,21,Other
diag_1,573,21,Other
diag_1,421,21,Other
diag_1,442,21,Other
diag_1,492,20,Other
diag_1,794,20,Other
diag_1,659,20,Other
diag_1,380,20,Other
diag_1,250.23,20,Other
diag_1,396,20,Other
diag_1,351,20,Other
diag_1,150,19,Other
diag_1,252,19,Other
diag_1,183,19,Other
diag_1,283,19,Other
diag_1,522,18,Other
diag_1,47,18,Other
diag_1,307,18,Other
diag_1,801,18,Other
diag_1,494,18,Other
diag_1,305,17,Other
diag_1,446,17,Other
diag_1,851,17,Other
diag_1,616,17,Other
diag_1,568,17,Other
diag_1,710,17,Other
diag_1,250.43,17,Other
diag_1,333,17,Other
diag_1,327,17,Other
diag_1,135,16,Other
diag_1,617,16,Other
diag_1,534,16,Other
diag_1,242,16,Other
diag_1,478,16,Other
diag_1,999,16,Other
diag_1,627,16,Other
diag_1,621,16,Other
diag_1,338,16,Other
diag_1,591,15,Other
diag_1,586,15,Other
diag_1,658,15,Other
diag_1,527,15,Other
diag_1,614,15,Other
diag_1,235,15,Other
diag_1,196,15,Other
diag_1,533,15,Other
diag_1,Unknown,14,Unknown
diag_1,480,14,Other
diag_1,473,14,Other
diag_1,920,14,Other
diag_1,289,14,Other
diag_1,661,14,Other
diag_1,860,14,Other
diag_1,357,14,Other
diag_1,718,14,Other
diag_1,255,13,Other
diag_1,825,13,Other
diag_1,456,13,Other
diag_1,656,13,Other
diag_1,277,13,Other
diag_1,281,13,Other
diag_1,430,12,Other
diag_1,853,12,Other
diag_1,204,12,Other
diag_1,461,12,Other
diag_1,250.33,12,Other
diag_1,312,12,Other
diag_1,693,12,Other
diag_1,607,12,Other
diag_1,840,12,Other
diag_1,958,12,Other
diag_1,601,12,Other
diag_1,V56,12,Other
diag_1,226,11,Other
diag_1,513,11,Other
diag_1,250.93,11,Other
diag_1,945,10,Other
diag_1,664,10,Other
diag_1,250.31,10,Other
diag_1,972,10,Other
diag_1,378,10,Other
diag_1,581,10,Other
diag_1,250.3,10,Other
diag_1,205,10,Other
diag_1,652,10,Other
diag_1,199,10,Other
diag_1,355,9,Other
diag_1,521,9,Other
diag_1,989,9,Other
diag_1,350,9,Other
diag_1,594,9,Other
diag_1,251,9,Other
diag_1,158,9,Other
diag_1,5,9,Other
diag_1,230,9,Other
diag_1,152,9,Other
diag_1,867,9,Other
diag_1,756,8,Other
diag_1,200,8,Other
diag_1,263,8,Other
diag_1,565,8,Other
diag_1,528,8,Other
diag_1,250.21,8,Other
diag_1,475,8,Other
diag_1,310,8,Other
diag_1,873,8,Other
diag_1,810,8,Other
diag_1,323,8,Other
diag_1,297,8,Other
diag_1,660,8,Other
diag_1,933,8,Other
diag_1,736,8,Other
diag_1,695,8,Other
diag_1,831,8,Other
diag_1,184,8,Other
diag_1,368,8,Other
diag_1,250.32,8,Other
diag_1,156,7,Other
diag_1,342,7,Other
diag_1,977,7,Other
diag_1,362,7,Other
diag_1,171,7,Other
diag_1,3,7,Other
diag_1,891,7,Other
diag_1,V71,7,Other
diag_1,952,7,Other
diag_1,244,7,Other
diag_1,847,7,Other
diag_1,680,7,Other
diag_1,935,7,Other
diag_1,358,7,Other
diag_1,588,7,Other
diag_1,892,7,Other
diag_1,88,7,Other
diag_1,967,7,Other
diag_1,843,7,Other
diag_1,725,7,Other
diag_1,464,7,Other
diag_1,462,7,Other
diag_1,526,6,Other
diag_1,306,6,Other
diag_1,717,6,Other
diag_1,708,6,Other
diag_1,745,6,Other
diag_1,35,6,Other
diag_1,163,6,Other
diag_1,541,6,Other
diag_1,685,6,Other
diag_1,383,6,Other
diag_1,737,6,Other
diag_1,335,6,Other
diag_1,11,6,Other
diag_1,354,6,Other
diag_1,709,6,Other
diag_1,646,6,Other
diag_1,457,6,Other
diag_1,861,6,Other
diag_1,273,6,Other
diag_1,337,6,Other
diag_1,117,6,Other
diag_1,882,5,Other
diag_1,991,5,Other
diag_1,445,5,Other
diag_1,598,5,Other
diag_1,34,5,Other
diag_1,705,5,Other
diag_1,964,5,Other
diag_1,694,5,Other
diag_1,214,5,Other
diag_1,968,5,Other
diag_1,883,5,Other
diag_1,41,5,Other
diag_1,341,5,Other
diag_1,579,5,Other
diag_1,845,5,Other
diag_1,353,5,Other
diag_1,161,5,Other
diag_1,320,5,Other
diag_1,641,5,Other
diag_1,376,5,Other
diag_1,865,5,Other
diag_1,816,5,Other
diag_1,54,5,Other
diag_1,82,5,Other
diag_1,344,5,Other
diag_1,250.5,5,Other
diag_1,864,5,Other
diag_1,619,5,Other
diag_1,751,5,Other
diag_1,942,5,Other
diag_1,992,5,Other
diag_1,983,5,Other
diag_1,V45,4,Other
diag_1,890,4,Other
diag_1,674,4,Other
diag_1,623,4,Other
diag_1,655,4,Other
diag_1,454,4,Other
diag_1,893,4,Other
diag_1,141,4,Other
diag_1,854,4,Other
diag_1,388,4,Other
diag_1,210,4,Other
diag_1,483,4,Other
diag_1,379,4,Other
diag_1,175,4,Other
diag_1,78,4,Other
diag_1,647,4,Other
diag_1,394,4,Other
diag_1,201,4,Other
diag_1,663,4,Other
diag_1,692,4,Other
diag_1,223,4,Other
diag_1,452,4,Other
diag_1,731,4,Other
diag_1,179,4,Other
diag_1,923,4,Other
diag_1,172,4,Other
diag_1,66,4,Other
diag_1,570,4,Other
diag_1,228,4,Other
diag_1,212,4,Other
diag_1,551,4,Other
diag_1,301,4,Other
diag_1,734,3,Other
diag_1,146,3,Other
diag_1,696,3,Other
diag_1,474,3,Other
diag_1,800,3,Other
diag_1,524,3,Other
diag_1,879,3,Other
diag_1,250.9,3,Other
diag_1,245,3,Other
diag_1,966,3,Other
diag_1,792,3,Other
diag_1,970,3,Other
diag_1,136,3,Other
diag_1,374,3,Other
diag_1,886,3,Other
diag_1,632,3,Other
diag_1,377,3,Other
diag_1,986,3,Other
diag_1,916,3,Other
diag_1,272,3,Other
diag_1,720,3,Other
diag_1,470,3,Other
diag_1,934,3,Other
diag_1,826,3,Other
diag_1,V63,3,Other
diag_1,173,3,Other
diag_1,180,3,Other
diag_1,796,3,Other
diag_1,324,3,Other
diag_1,405,3,Other
diag_1,686,3,Other
diag_1,971,3,Other
diag_1,746,3,Other
diag_1,94,3,Other
diag_1,793,3,Other
diag_1,665,3,Other
diag_1,603,3,Other
diag_1,361,3,Other
diag_1,814,3,Other
diag_1,195,3,Other
diag_1,529,3,Other
diag_1,836,3,Other
diag_1,881,3,Other
diag_1,31,3,Other
diag_1,271,3,Other
diag_1,308,3,Other
diag_1,866,3,Other
diag_1,236,3,Other
diag_1,622,3,Other
diag_1,747,3,Other
diag_1,759,3,Other
diag_1,797,2,Other
diag_1,142,2,Other
diag_1,262,2,Other
diag_1,246,2,Other
diag_1,653,2,Other
diag_1,49,2,Other
diag_1,194,2,Other
diag_1,27,2,Other
diag_1,880,2,Other
diag_1,164,2,Other
diag_1,359,2,Other
diag_1,602,2,Other
diag_1,250.91,2,Other
diag_1,753,2,Other
diag_1,706,2,Other
diag_1,417,2,Other
diag_1,131,2,Other
diag_1,732,2,Other
diag_1,669,2,Other
diag_1,V26,2,Other
diag_1,862,2,Other
diag_1,352,2,Other
diag_1,871,2,Other
diag_1,610,2,Other
diag_1,914,2,Other
diag_1,360,2,Other
diag_1,795,2,Other
diag_1,944,2,Other
diag_1,506,2,Other
diag_1,336,2,Other
diag_1,250.52,2,Other
diag_1,941,2,Other
diag_1,250.53,2,Other
diag_1,657,2,Other
diag_1,370,2,Other
diag_1,703,2,Other
diag_1,806,2,Other
diag_1,835,2,Other
diag_1,815,2,Other
diag_1,508,2,Other
diag_1,495,2,Other
diag_1,397,2,Other
diag_1,279,2,Other
diag_1,500,2,Other
diag_1,928,2,Other
diag_1,322,2,Other
diag_1,23,2,Other
diag_1,643,2,Other
diag_1,633,2,Other
diag_1,58,2,Other
diag_1,987,2,Other
diag_1,863,2,Other
diag_1,215,2,Other
diag_1,208,2,Other
diag_1,369,2,Other
diag_1,580,1,Other
diag_1,834,1,Other
diag_1,980,1,Other
diag_1,691,1,Other
diag_1,250.51,1,Other
diag_1,848,1,Other
diag_1,917,1,Other
diag_1,448,1,Other
diag_1,149,1,Other
diag_1,838,1,Other
diag_1,V43,1,Other
diag_1,334,1,Other
diag_1,477,1,Other
diag_1,318,1,Other
diag_1,471,1,Other
diag_1,868,1,Other
diag_1,683,1,Other
diag_1,187,1,Other
diag_1,375,1,Other
diag_1,237,1,Other
diag_1,347,1,Other
diag_1,395,1,Other
diag_1,735,1,Other
diag_1,870,1,Other
diag_1,817,1,Other
diag_1,684,1,Other
diag_1,314,1,Other
diag_1,36,1,Other
diag_1,57,1,Other
diag_1,7,1,Other
diag_1,915,1,Other
diag_1,988,1,Other
diag_1,384,1,Other
diag_1,842,1,Other
diag_1,V25,1,Other
diag_1,110,1,Other
diag_1,115,1,Other
diag_1,363,1,Other
diag_1,698,1,Other
diag_1,366,1,Other
diag_1,299,1,Other
diag_1,700,1,Other
diag_1,98,1,Other
diag_1,605,1,Other
diag_1,52,1,Other
diag_1,84,1,Other
diag_1,645,1,Other
diag_1,895,1,Other
diag_1,523,1,Other
diag_1,372,1,Other
diag_1,921,1,Other
diag_1,542,1,Other
diag_1,V07,1,Other
diag_1,422,1,Other
diag_1,583,1,Other
diag_1,615,1,Other
diag_1,39,1,Other
diag_1,919,1,Other
diag_1,217,1,Other
diag_1,229,1,Other
diag_1,963,1,Other
diag_1,160,1,Other
diag_1,240,1,Other
diag_1,147,1,Other
diag_1,381,1,Other
diag_1,356,1,Other
diag_1,846,1,Other
diag_1,649,1,Other
diag_1,192,1,Other
diag_1,875,1,Other
diag_1,911,1,Other
diag_1,832,1,Other
diag_1,385,1,Other
diag_1,463,1,Other
diag_1,975,1,Other
diag_1,833,1,Other
diag_1,391,1,Other
diag_1,878,1,Other
diag_1,791,1,Other
diag_1,634,1,Other
diag_1,365,1,Other
diag_1,266,1,Other
diag_1,885,1,Other
diag_1,389,1,Other
diag_1,V67,1,Other
diag_1,501,1,Other
diag_1,994,1,Other
diag_1,207,1,Other
diag_1,373,1,Other
diag_1,827,1,Other
diag_1,V60,1,Other
diag_1,973,1,Other
diag_1,640,1,Other
diag_1,261,1,Other
diag_1,671,1,Other
diag_1,913,1,Other
diag_2,276,4289,276
diag_2,428,4045,428
diag_2,250,3901,250
diag_2,427,3124,427
diag_2,401,2366,401
diag_2,599,2077,599
diag_2,496,2036,496
diag_2,403,1806,403
diag_2,414,1596,414
diag_2,411,1451,411
diag_2,250.02,1341,250.02
diag_2,707,1216,707
diag_2,585,1205,585
diag_2,285,1021,285
diag_2,584,1010,584
diag_2,491,999,491
diag_2,682,922,682
diag_2,780,905,780
diag_2,250.01,899,250.01
diag_2,425,893,425
diag_2,486,837,486
diag_2,518,757,518
diag_2,424,658,424
diag_2,413,653,413
diag_2,493,557,493
diag_2,250.6,524,250.6
diag_2,305,446,305
diag_2,786,437,786
diag_2,280,395,280
diag_2,998,359,998
diag_2,511,315,511
diag_2,785,303,785
diag_2,996,296,996
diag_2,410,288,410
diag_2,38,276,38
diag_2,272,270,272
diag_2,577,261,577
diag_2,788,260,788
diag_2,571,258,571
diag_2,997,256,997
diag_2,V45,254,V45
diag_2,41,245,41
diag_2,Unknown,235,Unknown
diag_2,402,233,402
diag_2,440,232,440
diag_2,560,228,560
diag_2,162,228,162
diag_2,197,226,197
diag_2,574,224,574
diag_2,648,224,648
diag_2,295,224,295
diag_2,789,224,789
diag_2,453,217,453
diag_2,287,214,287
diag_2,578,209,578
diag_2,799,194,799
diag_2,198,193,198
diag_2,278,190,278
diag_2,303,187,303
diag_2,530,184,530
diag_2,426,178,426
diag_2,70,174,70
diag_2,V42,171,V42
diag_2,438,171,438
diag_2,591,156,591
diag_2,730,151,730
diag_2,250.03,148,250.03
diag_2,787,142,787
diag_2,790,140,790
diag_2,404,138,404
diag_2,112,137,112
diag_2,536,134,536
diag_2,250.8,132,250.8
diag_2,196,131,196
diag_2,492,130,492
diag_2,342,126,342
diag_2,8,126,8
diag_2,250.92,125,250.92
diag_2,784,124,784
diag_2,535,124,535
diag_2,250.41,123,250.41
diag_2,733,121,733
diag_2,569,117,569
diag_2,250.82,116,250.82
diag_2,515,115,515
diag_2,202,115,202
diag_2,710,112,710
diag_2,396,111,396
diag_2,250.4,108,250.4
diag_2,V85,108,V85
diag_2,304,106,304
diag_2,263,106,263
diag_2,296,103,296
diag_2,434,99,Other
diag_2,284,98,Other
diag_2,294,98,Other
diag_2,V58,98,Other
diag_2,244,96,Other
diag_2,724,95,Other
diag_2,562,95,Other
diag_2,V43,93,Other
diag_2,433,93,Other
diag_2,507,92,Other
diag_2,300,92,Other
diag_2,458,91,Other
diag_2,204,91,Other
diag_2,590,90,Other
diag_2,722,89,Other
diag_2,V15,85,Other
diag_2,250.7,83,Other
diag_2,728,83,Other
diag_2,E888,82,Other
diag_2,781,80,Other
diag_2,153,76,Other
diag_2,593,76,Other
diag_2,340,76,Other
diag_2,286,74,Other
diag_2,E885,74,Other
diag_2,348,74,Other
diag_2,466,71,Other
diag_2,558,69,Other
diag_2,995,68,Other
diag_2,715,67,Other
diag_2,V10,67,Other
diag_2,729,67,Other
diag_2,412,66,Other
diag_2,444,66,Other
diag_2,331,65,Other
diag_2,135,65,Other
diag_2,250.13,65,Other
diag_2,564,62,Other
diag_2,250.42,62,Other
diag_2,203,61,Other
diag_2,719,60,Other
diag_2,E878,60,Other
diag_2,242,60,Other
diag_2,250.12,59,Other
diag_2,567,59,Other
diag_2,482,59,Other
diag_2,42,58,Other
diag_2,435,58,Other
diag_2,805,57,Other
diag_2,250.81,57,Other
diag_2,415,57,Other
diag_2,357,54,Other
diag_2,416,54,Other
diag_2,592,53,Other
diag_2,731,52,Other
diag_2,443,52,Other
diag_2,292,51,Other
diag_2,311,51,Other
diag_2,581,51,Other
diag_2,250.11,50,Other
diag_2,572,48,Other
diag_2,291,47,Other
diag_2,293,47,Other
diag_2,782,46,Other
diag_2,288,46,Other
diag_2,157,46,Other
diag_2,553,46,Other
diag_2,255,46,Other
diag_2,595,45,Other
diag_2,397,45,Other
diag_2,576,45,Other
diag_2,V12,44,Other
diag_2,568,44,Other
diag_2,344,44,Other
diag_2,V62,44,Other
diag_2,301,43,Other
diag_2,250.52,43,Other
diag_2,277,42,Other
diag_2,205,41,Other
diag_2,794,41,Other
diag_2,456,40,Other
diag_2,250.51,40,Other
diag_2,V54,40,Other
diag_2,723,39,Other
diag_2,465,39,Other
diag_2,575,39,Other
diag_2,459,39,Other
diag_2,490,38,Other
diag_2,211,36,Other
diag_2,154,35,Other
diag_2,596,34,Other
diag_2,309,34,Other
diag_2,218,34,Other
diag_2,282,34,Other
diag_2,721,34,Other
diag_2,437,33,Other
diag_2,552,33,Other
diag_2,531,33,Other
diag_2,E849,33,Other
diag_2,250.5,32,Other
diag_2,820,32,Other
diag_2,289,32,Other
diag_2,337,32,Other
diag_2,625,30,Other
diag_2,807,30,Other
diag_2,711,29,Other
diag_2,812,29,Other
diag_2,573,29,Other
diag_2,189,29,Other
diag_2,E932,28,Other
diag_2,345,28,Other
diag_2,600,28,Other
diag_2,714,27,Other
diag_2,473,27,Other
diag_2,808,26,Other
diag_2,349,25,Other
diag_2,481,25,Other
diag_2,398,25,Other
diag_2,150,24,Other
diag_2,620,24,Other
diag_2,290,24,Other
diag_2,250.43,24,Other
diag_2,681,24,Other
diag_2,478,23,Other
diag_2,451,23,Other
diag_2,155,23,Other
diag_2,455,23,Other
diag_2,332,23,Other
diag_2,327,23,Other
diag_2,618,22,Other
diag_2,275,22,Other
diag_2,512,22,Other
diag_2,429,21,Other
diag_2,E942,21,Other
diag_2,79,21,Other
diag_2,250.22,21,Other
diag_2,516,21,Other
diag_2,873,21,Other
diag_2,726,21,Other
diag_2,441,21,Other
diag_2,447,20,Other
diag_2,446,20,Other
diag_2,802,20,Other
diag_2,362,20,Other
diag_2,358,20,Other
diag_2,519,20,Other
diag_2,850,20,Other
diag_2,253,20,Other
diag_2,727,19,Other
diag_2,138,19,Other
diag_2,274,18,Other
diag_2,537,18,Other
diag_2,346,18,Other
diag_2,V49,18,Other
diag_2,53,18,Other
diag_2,999,18,Other
diag_2,250.83,18,Other
diag_2,924,18,Other
diag_2,557,18,Other
diag_2,642,18,Other
diag_2,V63,18,Other
diag_2,E935,17,Other
diag_2,V65,17,Other
diag_2,813,17,Other
diag_2,738,16,Other
diag_2,368,16,Other
diag_2,614,16,Other
diag_2,94,16,Other
diag_2,200,16,Other
diag_2,583,16,Other
diag_2,250.93,16,Other
diag_2,532,15,Other
diag_2,312,15,Other
diag_2,616,15,Other
diag_2,420,15,Other
diag_2,E884,15,Other
diag_2,V64,15,Other
diag_2,174,15,Other
diag_2,611,15,Other
diag_2,626,15,Other
diag_2,860,15,Other
diag_2,783,15,Other
diag_2,555,15,Other
diag_2,386,14,Other
diag_2,680,14,Other
diag_2,238,14,Other
diag_2,566,14,Other
diag_2,716,14,Other
diag_2,E879,14,Other
diag_2,920,14,Other
diag_2,E880,13,Other
diag_2,840,13,Other
diag_2,607,13,Other
diag_2,601,13,Other
diag_2,394,13,Other
diag_2,250.53,13,Other
diag_2,319,13,Other
diag_2,V72,12,Other
diag_2,185,12,Other
diag_2,556,12,Other
diag_2,261,12,Other
diag_2,E947,12,Other
diag_2,617,12,Other
diag_2,423,12,Other
diag_2,283,12,Other
diag_2,252,12,Other
diag_2,442,12,Other
diag_2,462,11,Other
diag_2,550,11,Other
diag_2,824,11,Other
diag_2,696,11,Other
diag_2,958,11,Other
diag_2,279,11,Other
diag_2,356,11,Other
diag_2,307,11,Other
diag_2,250.1,11,Other
diag_2,852,11,Other
diag_2,753,11,Other
diag_2,281,11,Other
diag_2,736,11,Other
diag_2,156,11,Other
diag_2,432,10,Other
diag_2,823,10,Other
diag_2,436,10,Other
diag_2,382,10,Other
diag_2,317,10,Other
diag_2,570,10,Other
diag_2,746,10,Other
diag_2,627,10,Other
diag_2,151,10,Other
diag_2,262,10,Other
diag_2,693,9,Other
diag_2,378,9,Other
diag_2,V17,9,Other
diag_2,821,9,Other
diag_2,250.2,9,Other
diag_2,487,9,Other
diag_2,717,8,Other
diag_2,335,8,Other
diag_2,359,8,Other
diag_2,706,8,Other
diag_2,E944,8,Other
diag_2,34,8,Other
diag_2,494,8,Other
diag_2,421,8,Other
diag_2,E928,8,Other
diag_2,816,8,Other
diag_2,183,8,Other
diag_2,514,8,Other
diag_2,517,8,Other
diag_2,152,8,Other
diag_2,40,8,Other
diag_2,718,8,Other
diag_2,298,8,Other
diag_2,260,8,Other
diag_2,756,7,Other
diag_2,709,7,Other
diag_2,251,7,Other
diag_2,959,7,Other
diag_2,881,7,Other
diag_2,745,7,Other
diag_2,565,7,Other
diag_2,333,7,Other
diag_2,510,7,Other
diag_2,905,7,Other
diag_2,V46,7,Other
diag_2,586,7,Other
diag_2,608,7,Other
diag_2,201,7,Other
diag_2,V18,7,Other
diag_2,836,7,Other
diag_2,792,7,Other
diag_2,E939,7,Other
diag_2,737,7,Other
diag_2,233,6,Other
diag_2,741,6,Other
diag_2,712,6,Other
diag_2,528,6,Other
diag_2,533,6,Other
diag_2,V57,6,Other
diag_2,621,6,Other
diag_2,694,6,Other
diag_2,191,6,Other
diag_2,454,6,Other
diag_2,461,6,Other
diag_2,825,6,Other
diag_2,266,6,Other
diag_2,431,6,Other
diag_2,540,6,Other
diag_2,619,6,Other
diag_2,54,6,Other
diag_2,380,6,Other
diag_2,V09,6,Other
diag_2,314,6,Other
diag_2,485,6,Other
diag_2,867,6,Other
diag_2,227,6,Other
diag_2,579,6,Other
diag_2,922,6,Other
diag_2,343,6,Other
diag_2,796,5,Other
diag_2,524,5,Other
diag_2,594,5,Other
diag_2,324,5,Other
diag_2,297,5,Other
diag_2,604,5,Other
diag_2,E927,5,Other
diag_2,457,5,Other
diag_2,208,5,Other
diag_2,E917,5,Other
diag_2,646,5,Other
diag_2,845,5,Other
diag_2,508,5,Other
diag_2,273,5,Other
diag_2,V70,5,Other
diag_2,V44,5,Other
diag_2,250.91,5,Other
diag_2,188,5,Other
diag_2,199,5,Other
diag_2,E934,5,Other
diag_2,793,5,Other
diag_2,369,5,Other
diag_2,117,5,Other
diag_2,686,5,Other
diag_2,701,5,Other
diag_2,241,5,Other
diag_2,214,5,Other
diag_2,9,5,Other
diag_2,338,5,Other
diag_2,136,4,Other
diag_2,225,4,Other
diag_2,500,4,Other
diag_2,847,4,Other
diag_2,E812,4,Other
diag_2,354,4,Other
diag_2,E936,4,Other
diag_2,810,4,Other
diag_2,E933,4,Other
diag_2,989,4,Other
diag_2,882,4,Other
diag_2,250.9,4,Other
diag_2,713,4,Other
diag_2,527,4,Other
diag_2,685,4,Other
diag_2,258,4,Other
diag_2,647,4,Other
diag_2,652,4,Other
diag_2,831,4,Other
diag_2,110,4,Other
diag_2,891,4,Other
diag_2,861,4,Other
diag_2,299,4,Other
diag_2,365,4,Other
diag_2,360,4,Other
diag_2,907,4,Other
diag_2,750,4,Other
diag_2,758,4,Other
diag_2,522,4,Other
diag_2,250.23,3,Other
diag_2,837,3,Other
diag_2,355,3,Other
diag_2,220,3,Other
diag_2,V08,3,Other
diag_2,217,3,Other
diag_2,11,3,Other
diag_2,250.21,3,Other
diag_2,692,3,Other
diag_2,246,3,Other
diag_2,310,3,Other
diag_2,501,3,Other
diag_2,747,3,Other
diag_2,320,3,Other
diag_2,644,3,Other
diag_2,E950,3,Other
diag_2,376,3,Other
diag_2,477,3,Other
diag_2,598,3,Other
diag_2,883,3,Other
diag_2,373,3,Other
diag_2,842,3,Other
diag_2,E887,3,Other
diag_2,308,3,Other
diag_2,868,3,Other
diag_2,395,3,Other
diag_2,865,3,Other
diag_2,623,3,Other
diag_2,822,3,Other
diag_2,759,3,Other
diag_2,E816,3,Other
diag_2,892,3,Other
diag_2,336,3,Other
diag_2,521,3,Other
diag_2,909,3,Other
diag_2,E881,3,Other
diag_2,E924,3,Other
diag_2,377,3,Other
diag_2,E930,3,Other
diag_2,E937,3,Other
diag_2,172,2,Other
diag_2,463,2,Other
diag_2,193,2,Other
diag_2,131,2,Other
diag_2,480,2,Other
diag_2,405,2,Other
diag_2,622,2,Other
diag_2,801,2,Other
diag_2,923,2,Other
diag_2,543,2,Other
diag_2,75,2,Other
diag_2,751,2,Other
diag_2,933,2,Other
diag_2,E905,2,Other
diag_2,919,2,Other
diag_2,921,2,Other
diag_2,872,2,Other
diag_2,870,2,Other
diag_2,910,2,Other
diag_2,171,2,Other
diag_2,698,2,Other
diag_2,366,2,Other
diag_2,245,2,Other
diag_2,542,2,Other
diag_2,862,2,Other
diag_2,448,2,Other
diag_2,E916,2,Other
diag_2,864,2,Other
diag_2,645,2,Other
diag_2,851,2,Other
diag_2,725,2,Other
diag_2,V02,2,Other
diag_2,250.32,2,Other
diag_2,E819,2,Other
diag_2,654,2,Other
diag_2,641,2,Other
diag_2,V23,2,Other
diag_2,603,2,Other
diag_2,797,2,Other
diag_2,250.33,2,Other
diag_2,250.3,2,Other
diag_2,E870,2,Other
diag_2,534,2,Other
diag_2,484,2,Other
diag_2,795,2,Other
diag_2,664,2,Other
diag_2,141,2,Other
diag_2,352,2,Other
diag_2,452,2,Other
diag_2,869,2,Other
diag_2,V11,2,Other
diag_2,755,2,Other
diag_2,992,2,Other
diag_2,306,2,Other
diag_2,791,2,Other
diag_2,379,2,Other
diag_2,495,2,Other
diag_2,991,2,Other
diag_2,E821,2,Other
diag_2,705,2,Other
diag_2,383,2,Other
diag_2,V55,2,Other
diag_2,934,2,Other
diag_2,V86,2,Other
diag_2,341,2,Other
diag_2,323,2,Other
diag_2,661,2,Other
diag_2,588,2,Other
diag_2,969,2,Other
diag_2,659,2,Other
diag_2,844,2,Other
diag_2,917,1,Other
diag_2,E965,1,Other
diag_2,137,1,Other
diag_2,980,1,Other
diag_2,475,1,Other
diag_2,965,1,Other
diag_2,381,1,Other
diag_2,846,1,Other
diag_2,634,1,Other
diag_2,163,1,Other
diag_2,464,1,Other
diag_2,E868,1,Other
diag_2,372,1,Other
diag_2,E854,1,Other
diag_2,240,1,Other
diag_2,832,1,Other
diag_2,605,1,Other
diag_2,46,1,Other
diag_2,V13,1,Other
diag_2,E850,1,Other
diag_2,800,1,Other
diag_2,952,1,Other
diag_2,164,1,Other
diag_2,906,1,Other
diag_2,239,1,Other
diag_2,911,1,Other
diag_2,232,1,Other
diag_2,990,1,Other
diag_2,52,1,Other
diag_2,V61,1,Other
diag_2,610,1,Other
diag_2,972,1,Other
diag_2,E919,1,Other
diag_2,944,1,Other
diag_2,963,1,Other
diag_2,347,1,Other
diag_2,V14,1,Other
diag_2,374,1,Other
diag_2,256,1,Other
diag_2,96,1,Other
diag_2,656,1,Other
diag_2,994,1,Other
diag_2,318,1,Other
diag_2,663,1,Other
diag_2,879,1,Other
diag_2,674,1,Other
diag_2,V53,1,Other
diag_2,145,1,Other
diag_2,826,1,Other
diag_2,353,1,Other
diag_2,E938,1,Other
diag_2,99,1,Other
diag_2,192,1,Other
diag_2,945,1,Other
diag_2,E814,1,Other
diag_2,E941,1,Other
diag_2,529,1,Other
diag_2,871,1,Other
diag_2,302,1,Other
diag_2,955,1,Other
diag_2,322,1,Other
diag_2,513,1,Other
diag_2,88,1,Other
diag_2,V25,1,Other
diag_2,215,1,Other
diag_2,228,1,Other
diag_2,223,1,Other
diag_2,350,1,Other
diag_2,483,1,Other
diag_2,V50,1,Other
diag_2,V03,1,Other
diag_2,E968,1,Other
diag_2,E882,1,Other
diag_2,140,1,Other
diag_2,703,1,Other
diag_2,V16,1,Other
diag_2,893,1,Other
diag_2,27,1,Other
diag_2,235,1,Other
diag_2,V69,1,Other
diag_2,658,1,Other
diag_2,670,1,Other
diag_2,195,1,Other
diag_2,388,1,Other
diag_2,894,1,Other
diag_2,114,1,Other
diag_2,704,1,Other
diag_2,470,1,Other
diag_2,E890,1,Other
diag_2,7,1,Other
diag_2,E817,1,Other
diag_2,880,1,Other
diag_2,853,1,Other
diag_2,E945,1,Other
diag_2,523,1,Other
diag_2,863,1,Other
diag_2,649,1,Other
diag_2,913,1,Other
diag_2,580,1,Other
diag_2,E853,1,Other
diag_2,V66,1,Other
diag_2,270,1,Other
diag_2,460,1,Other
diag_2,942,1,Other
diag_2,866,1,Other
diag_2,364,1,Other
diag_2,66,1,Other
diag_2,E883,1,Other
diag_2,389,1,Other
diag_2,123,1,Other
diag_2,V60,1,Other
diag_2,E906,1,Other
diag_2,967,1,Other
diag_2,5,1,Other
diag_2,E931,1,Other
diag_2,250.31,1,Other
diag_2,843,1,Other
diag_2,E858,1,Other
diag_2,927,1,Other
diag_2,947,1,Other
diag_2,182,1,Other
diag_2,974,1,Other
diag_2,695,1,Other
diag_2,111,1,Other
diag_2,977,1,Other
diag_2,E900,1,Other
diag_2,31,1,Other
diag_2,226,1,Other
diag_2,615,1,Other
diag_2,833,1,Other
diag_2,78,1,Other
diag_2,742,1,Other
diag_2,472,1,Other
diag_2,811,1,Other
diag_2,351,1,Other
diag_2,422,1,Other
diag_2,815,1,Other
diag_2,325,1,Other
diag_3,250,7256,250
diag_3,401,5245,401
diag_3,276,3224,276
diag_3,428,2746,428
diag_3,427,2433,427
diag_3,414,2271,414
diag_3,496,1583,496
diag_3,403,1465,403
diag_3,272,1252,272
diag_3,585,1244,585
diag_3,599,1206,599
diag_3,Unknown,934,Unknown
diag_3,250.02,886,250.02
diag_3,V45,881,V45
diag_3,707,829,707
diag_3,780,813,780
diag_3,285,773,285
diag_3,425,687,425
diag_3,250.6,681,250.6
diag_3,424,654,424
diag_3,682,598,682
diag_3,305,580,305
diag_3,584,569,584
diag_3,250.01,551,250.01
diag_3,41,481,41
diag_3,518,480,518
diag_3,278,439,278
diag_3,493,431,493
diag_3,530,404,530
diag_3,786,379,786
diag_3,491,371,491
diag_3,V58,335,V58
diag_3,486,333,486
diag_3,244,325,244
diag_3,250.4,262,250.4
diag_3,357,254,357
diag_3,411,253,411
diag_3,287,249,287
diag_3,280,248,280
diag_3,402,244,402
diag_3,787,234,787
diag_3,788,233,788
diag_3,511,231,511
diag_3,785,224,785
diag_3,197,221,197
diag_3,413,214,413
diag_3,593,210,593
diag_3,V15,210,V15
diag_3,995,199,995
diag_3,799,199,799
diag_3,250.8,198,250.8
diag_3,998,198,998
diag_3,412,197,412
diag_3,438,195,438
diag_3,997,190,997
diag_3,560,190,560
diag_3,458,188,458
diag_3,571,188,571
diag_3,294,187,294
diag_3,789,186,789
diag_3,535,178,535
diag_3,536,174,536
diag_3,996,170,996
diag_3,70,169,70
diag_3,426,166,426
diag_3,295,165,295
diag_3,300,164,300
diag_3,V10,157,V10
diag_3,784,155,784
diag_3,E849,148,E849
diag_3,396,148,396
diag_3,311,145,311
diag_3,112,145,112
diag_3,263,144,263
diag_3,578,138,578
diag_3,V42,137,V42
diag_3,V12,135,V12
diag_3,303,135,303
diag_3,715,132,715
diag_3,453,132,453
diag_3,440,131,440
diag_3,730,127,730
diag_3,790,126,790
diag_3,443,126,443
diag_3,733,126,733
diag_3,198,126,198
diag_3,V43,122,V43
diag_3,8,122,8
diag_3,562,122,562
diag_3,331,113,331
diag_3,410,110,410
diag_3,296,109,296
diag_3,416,107,416
diag_3,E878,107,E878
diag_3,397,107,397
diag_3,304,105,304
diag_3,250.41,103,250.41
diag_3,433,97,Other
diag_3,250.92,96,Other
diag_3,729,96,Other
diag_3,492,94,Other
diag_3,724,94,Other
diag_3,342,93,Other
diag_3,515,93,Other
diag_3,577,93,Other
diag_3,E888,93,Other
diag_3,162,92,Other
diag_3,553,91,Other
diag_3,284,91,Other
diag_3,591,85,Other
diag_3,782,84,Other
diag_3,781,83,Other
diag_3,574,82,Other
diag_3,466,82,Other
diag_3,564,81,Other
diag_3,38,80,Other
diag_3,250.03,80,Other
diag_3,250.42,80,Other
diag_3,648,80,Other
diag_3,250.7,79,Other
diag_3,E885,78,Other
diag_3,250.5,78,Other
diag_3,731,78,Other
diag_3,710,77,Other
diag_3,569,74,Other
diag_3,202,74,Other
diag_3,722,73,Other
diag_3,719,73,Other
diag_3,286,73,Other
diag_3,558,73,Other
diag_3,250.51,72,Other
diag_3,794,72,Other
diag_3,404,72,Other
diag_3,728,72,Other
diag_3,V85,72,Other
diag_3,337,69,Other
diag_3,250.82,68,Other
diag_3,211,67,Other
diag_3,196,67,Other
diag_3,288,65,Other
diag_3,301,64,Other
diag_3,459,63,Other
diag_3,275,61,Other
diag_3,596,60,Other
diag_3,600,59,Other
diag_3,583,58,Other
diag_3,V09,57,Other
diag_3,327,57,Other
diag_3,581,56,Other
diag_3,290,55,Other
diag_3,714,55,Other
diag_3,332,54,Other
diag_3,437,54,Other
diag_3,716,53,Other
diag_3,681,50,Other
diag_3,E932,49,Other
diag_3,293,49,Other
diag_3,255,48,Other
diag_3,250.52,46,Other
diag_3,204,46,Other
diag_3,455,45,Other
diag_3,242,45,Other
diag_3,429,45,Other
diag_3,203,44,Other
diag_3,465,44,Other
diag_3,135,42,Other
diag_3,435,42,Other
diag_3,592,42,Other
diag_3,362,41,Other
diag_3,274,41,Other
diag_3,V46,41,Other
diag_3,568,41,Other
diag_3,E879,40,Other
diag_3,507,40,Other
diag_3,783,40,Other
diag_3,348,39,Other
diag_3,490,37,Other
diag_3,344,37,Other
diag_3,573,37,Other
diag_3,340,37,Other
diag_3,V54,37,Other
diag_3,473,37,Other
diag_3,625,37,Other
diag_3,250.43,36,Other
diag_3,153,35,Other
diag_3,721,35,Other
diag_3,185,34,Other
diag_3,174,34,Other
diag_3,V49,33,Other
diag_3,218,33,Other
diag_3,292,33,Other
diag_3,595,31,Other
diag_3,531,31,Other
diag_3,V64,31,Other
diag_3,572,31,Other
diag_3,277,30,Other
diag_3,441,30,Other
diag_3,281,29,Other
diag_3,575,29,Other
diag_3,79,29,Other
diag_3,E942,28,Other
diag_3,924,28,Other
diag_3,282,28,Other
diag_3,309,27,Other
diag_3,434,27,Other
diag_3,253,27,Other
diag_3,V27,27,Other
diag_3,482,27,Other
diag_3,618,26,Other
diag_3,873,26,Other
diag_3,807,25,Other
diag_3,576,25,Other
diag_3,456,25,Other
diag_3,199,25,Other
diag_3,289,25,Other
diag_3,447,25,Other
diag_3,E947,25,Other
diag_3,338,25,Other
diag_3,812,24,Other
diag_3,620,24,Other
diag_3,368,24,Other
diag_3,590,24,Other
diag_3,614,23,Other
diag_3,250.12,23,Other
diag_3,642,23,Other
diag_3,238,23,Other
diag_3,519,23,Other
diag_3,250.81,23,Other
diag_3,512,22,Other
diag_3,723,22,Other
diag_3,291,22,Other
diag_3,157,22,Other
diag_3,346,21,Other
diag_3,626,21,Other
diag_3,444,21,Other
diag_3,E935,21,Other
diag_3,345,21,Other
diag_3,616,21,Other
diag_3,356,20,Other
diag_3,805,20,Other
diag_3,659,20,Other
diag_3,478,19,Other
diag_3,446,19,Other
diag_3,617,19,Other
diag_3,250.53,19,Other
diag_3,333,19,Other
diag_3,588,19,Other
diag_3,726,18,Other
diag_3,727,18,Other
diag_3,457,18,Other
diag_3,V65,18,Other
diag_3,V44,18,Other
diag_3,517,18,Other
diag_3,532,18,Other
diag_3,537,18,Other
diag_3,711,18,Other
diag_3,250.11,17,Other
diag_3,298,17,Other
diag_3,920,17,Other
diag_3,319,16,Other
diag_3,555,16,Other
diag_3,369,16,Other
diag_3,189,16,Other
diag_3,E880,16,Other
diag_3,423,16,Other
diag_3,V62,16,Other
diag_3,696,16,Other
diag_3,959,16,Other
diag_3,824,15,Other
diag_3,415,15,Other
diag_3,533,15,Other
diag_3,250.1,15,Other
diag_3,738,15,Other
diag_3,252,15,Other
diag_3,737,15,Other
diag_3,42,15,Other
diag_3,601,15,Other
diag_3,365,15,Other
diag_3,E884,15,Other
diag_3,461,14,Other
diag_3,53,14,Other
diag_3,398,14,Other
diag_3,442,14,Other
diag_3,394,14,Other
diag_3,V17,14,Other
diag_3,V08,14,Other
diag_3,820,14,Other
diag_3,355,14,Other
diag_3,808,14,Other
diag_3,110,13,Other
diag_3,646,13,Other
diag_3,205,13,Other
diag_3,802,13,Other
diag_3,792,13,Other
diag_3,E934,13,Other
diag_3,E944,13,Other
diag_3,477,13,Other
diag_3,736,12,Other
diag_3,386,12,Other
diag_3,693,12,Other
diag_3,627,12,Other
diag_3,999,12,Other
diag_3,266,12,Other
diag_3,905,11,Other
diag_3,487,11,Other
diag_3,154,11,Other
diag_3,138,11,Other
diag_3,343,11,Other
diag_3,608,11,Other
diag_3,745,11,Other
diag_3,462,11,Other
diag_3,922,11,Other
diag_3,663,11,Other
diag_3,V63,11,Other
diag_3,611,11,Other
diag_3,556,11,Other
diag_3,840,10,Other
diag_3,521,10,Other
diag_3,796,10,Other
diag_3,54,10,Other
diag_3,349,10,Other
diag_3,250.22,10,Other
diag_3,753,10,Other
diag_3,307,10,Other
diag_3,E930,10,Other
diag_3,567,10,Other
diag_3,454,10,Other
diag_3,598,10,Other
diag_3,923,10,Other
diag_3,V18,10,Other
diag_3,382,10,Other
diag_3,791,10,Other
diag_3,389,9,Other
diag_3,188,9,Other
diag_3,250.13,9,Other
diag_3,283,9,Other
diag_3,692,9,Other
diag_3,241,9,Other
diag_3,516,9,Other
diag_3,607,9,Other
diag_3,813,9,Other
diag_3,E931,9,Other
diag_3,94,9,Other
diag_3,654,9,Other
diag_3,514,9,Other
diag_3,E939,9,Other
diag_3,358,9,Other
diag_3,621,9,Other
diag_3,656,9,Other
diag_3,501,9,Other
diag_3,647,8,Other
diag_3,E812,8,Other
diag_3,698,8,Other
diag_3,725,8,Other
diag_3,582,8,Other
diag_3,916,8,Other
diag_3,686,8,Other
diag_3,522,8,Other
diag_3,261,8,Other
diag_3,310,8,Other
diag_3,494,8,Other
diag_3,378,8,Other
diag_3,680,8,Other
diag_3,312,8,Other
diag_3,892,8,Other
diag_3,405,8,Other
diag_3,594,7,Other
diag_3,713,7,Other
diag_3,907,7,Other
diag_3,432,7,Other
diag_3,250.83,7,Other
diag_3,586,7,Other
diag_3,580,7,Other
diag_3,200,7,Other
diag_3,183,7,Other
diag_3,155,7,Other
diag_3,709,7,Other
diag_3,718,7,Other
diag_3,552,7,Other
diag_3,E933,7,Other
diag_3,117,7,Other
diag_3,354,7,Other
diag_3,208,7,Other
diag_3,279,7,Other
diag_3,958,7,Other
diag_3,451,6,Other
diag_3,579,6,Other
diag_3,717,6,Other
diag_3,V72,6,Other
diag_3,610,6,Other
diag_3,825,6,Other
diag_3,201,6,Other
diag_3,372,6,Other
diag_3,151,6,Other
diag_3,867,6,Other
diag_3,882,6,Other
diag_3,359,6,Other
diag_3,695,6,Other
diag_3,694,6,Other
diag_3,150,6,Other
diag_3,883,6,Other
diag_3,273,6,Other
diag_3,E816,6,Other
diag_3,861,6,Other
diag_3,793,6,Other
diag_3,570,6,Other
diag_3,E928,6,Other
diag_3,845,6,Other
diag_3,712,6,Other
diag_3,708,6,Other
diag_3,228,6,Other
diag_3,847,5,Other
diag_3,605,5,Other
diag_3,E927,5,Other
diag_3,250.2,5,Other
diag_3,260,5,Other
diag_3,E937,5,Other
diag_3,815,5,Other
diag_3,619,5,Other
diag_3,664,5,Other
diag_3,652,5,Other
diag_3,965,5,Other
diag_3,E887,5,Other
diag_3,860,5,Other
diag_3,270,5,Other
diag_3,701,5,Other
diag_3,317,5,Other
diag_3,962,5,Other
diag_3,741,5,Other
diag_3,V57,5,Other
diag_3,E941,5,Other
diag_3,836,5,Other
diag_3,431,5,Other
diag_3,388,5,Other
diag_3,746,5,Other
diag_3,649,5,Other
diag_3,V55,5,Other
diag_3,481,4,Other
diag_3,V16,4,Other
diag_3,752,4,Other
diag_3,306,4,Other
diag_3,705,4,Other
diag_3,179,4,Other
diag_3,420,4,Other
diag_3,421,4,Other
diag_3,250.93,4,Other
diag_3,756,4,Other
diag_3,V53,4,Other
diag_3,991,4,Other
diag_3,472,4,Other
diag_3,917,4,Other
diag_3,9,4,Other
diag_3,751,4,Other
diag_3,510,4,Other
diag_3,969,4,Other
diag_3,239,4,Other
diag_3,850,4,Other
diag_3,172,4,Other
diag_3,747,4,Other
diag_3,495,4,Other
diag_3,233,4,Other
diag_3,V14,4,Other
diag_3,227,4,Other
diag_3,527,4,Other
diag_3,881,4,Other
diag_3,821,4,Other
diag_3,336,4,Other
diag_3,810,4,Other
diag_3,523,4,Other
diag_3,758,4,Other
diag_3,500,4,Other
diag_3,V02,4,Other
diag_3,E881,4,Other
diag_3,604,4,Other
diag_3,251,4,Other
diag_3,246,4,Other
diag_3,557,4,Other
diag_3,704,4,Other
diag_3,182,4,Other
diag_3,250.91,4,Other
diag_3,V13,4,Other
diag_3,E929,4,Other
diag_3,262,4,Other
diag_3,E850,4,Other
diag_3,742,4,Other
diag_3,34,4,Other
diag_3,823,3,Other
diag_3,E819,3,Other
diag_3,299,3,Other
diag_3,436,3,Other
diag_3,240,3,Other
diag_3,380,3,Other
diag_3,323,3,Other
diag_3,470,3,Other
diag_3,565,3,Other
diag_3,383,3,Other
diag_3,78,3,Other
diag_3,163,3,Other
diag_3,258,3,Other
diag_3,661,3,Other
diag_3,225,3,Other
diag_3,170,3,Other
diag_3,844,3,Other
diag_3,417,3,Other
diag_3,E905,3,Other
diag_3,E906,3,Other
diag_3,644,3,Other
diag_3,665,3,Other
diag_3,256,3,Other
diag_3,297,3,Other
diag_3,5,3,Other
diag_3,V66,3,Other
diag_3,921,3,Other
diag_3,915,3,Other
diag_3,318,3,Other
diag_3,E917,3,Other
diag_3,E936,3,Other
diag_3,V23,3,Other
diag_3,334,3,Other
diag_3,913,3,Other
diag_3,314,3,Other
diag_3,658,3,Other
diag_3,866,3,Other
diag_3,379,3,Other
diag_3,E818,3,Other
diag_3,E920,3,Other
diag_3,353,3,Other
diag_3,V03,3,Other
diag_3,220,3,Other
diag_3,452,3,Other
diag_3,966,3,Other
diag_3,268,3,Other
diag_3,250.9,3,Other
diag_3,131,3,Other
diag_3,543,3,Other
diag_3,351,3,Other
diag_3,214,3,Other
diag_3,945,3,Other
diag_3,7,2,Other
diag_3,703,2,Other
diag_3,E950,2,Other
diag_3,E817,2,Other
diag_3,934,2,Other
diag_3,250.3,2,Other
diag_3,235,2,Other
diag_3,525,2,Other
diag_3,E858,2,Other
diag_3,445,2,Other
diag_3,191,2,Other
diag_3,891,2,Other
diag_3,35,2,Other
diag_3,460,2,Other
diag_3,870,2,Other
diag_3,216,2,Other
diag_3,906,2,Other
diag_3,797,2,Other
diag_3,685,2,Other
diag_3,912,2,Other
diag_3,377,2,Other
diag_3,660,2,Other
diag_3,597,2,Other
diag_3,11,2,Other
diag_3,156,2,Other
diag_3,868,2,Other
diag_3,250.21,2,Other
diag_3,374,2,Other
diag_3,831,2,Other
diag_3,908,2,Other
diag_3,550,2,Other
diag_3,350,2,Other
diag_3,623,2,Other
diag_3,826,2,Other
diag_3,376,2,Other
diag_3,373,2,Other
diag_3,933,2,Other
diag_3,720,2,Other
diag_3,E813,2,Other
diag_3,180,2,Other
diag_3,V61,2,Other
diag_3,313,2,Other
diag_3,E956,2,Other
diag_3,E924,2,Other
diag_3,822,2,Other
diag_3,690,2,Other
diag_3,735,2,Other
diag_3,E901,2,Other
diag_3,E938,2,Other
diag_3,948,2,Other
diag_3,136,2,Other
diag_3,223,2,Other
diag_3,506,2,Other
diag_3,928,2,Other
diag_3,862,2,Other
diag_3,566,2,Other
diag_3,909,2,Other
diag_3,E980,2,Other
diag_3,759,2,Other
diag_3,534,2,Other
diag_3,508,2,Other
diag_3,464,2,Other
diag_3,245,2,Other
diag_3,384,2,Other
diag_3,865,2,Other
diag_3,641,2,Other
diag_3,670,2,Other
diag_3,366,2,Other
diag_3,E870,2,Other
diag_3,528,2,Other
diag_3,335,2,Other
diag_3,842,2,Other
diag_3,E965,1,Other
diag_3,173,1,Other
diag_3,193,1,Other
diag_3,987,1,Other
diag_3,161,1,Other
diag_3,115,1,Other
diag_3,17,1,Other
diag_3,265,1,Other
diag_3,66,1,Other
diag_3,967,1,Other
diag_3,944,1,Other
diag_3,734,1,Other
diag_3,385,1,Other
diag_3,164,1,Other
diag_3,139,1,Other
diag_3,360,1,Other
diag_3,935,1,Other
diag_3,872,1,Other
diag_3,V70,1,Other
diag_3,V60,1,Other
diag_3,884,1,Other
diag_3,E815,1,Other
diag_3,542,1,Other
diag_3,E822,1,Other
diag_3,192,1,Other
diag_3,171,1,Other
diag_3,754,1,Other
diag_3,992,1,Other
diag_3,657,1,Other
diag_3,684,1,Other
diag_3,603,1,Other
diag_3,953,1,Other
diag_3,956,1,Other
diag_3,755,1,Other
diag_3,V25,1,Other
diag_3,250.31,1,Other
diag_3,674,1,Other
diag_3,911,1,Other
diag_3,226,1,Other
diag_3,365.44,1,Other
diag_3,146,1,Other
diag_3,801,1,Other
diag_3,475,1,Other
diag_3,854,1,Other
diag_3,930,1,Other
diag_3,E915,1,Other
diag_3,893,1,Other
diag_3,706,1,Other
diag_3,540,1,Other
diag_3,483,1,Other
diag_3,E828,1,Other
diag_3,E949,1,Other
diag_3,148,1,Other
diag_3,879,1,Other
diag_3,989,1,Other
diag_3,347,1,Other
diag_3,E966,1,Other
diag_3,V86,1,Other
diag_3,E852,1,Other
diag_3,890,1,Other
diag_3,E892,1,Other
diag_3,122,1,Other
diag_3,702,1,Other
diag_3,529,1,Other
diag_3,918,1,Other
diag_3,E886,1,Other
diag_3,838,1,Other
diag_3,V11,1,Other
diag_3,E919,1,Other
diag_3,236,1,Other
diag_3,624,1,Other
diag_3,837,1,Other
diag_3,E987,1,Other
diag_3,841,1,Other
diag_3,800,1,Other
diag_3,622,1,Other
diag_3,E864,1,Other
diag_3,217,1,Other
diag_3,877,1,Other
diag_3,391,1,Other
diag_3,E825,1,Other
diag_3,643,1,Other
diag_3,952,1,Other
diag_3,387,1,Other
diag_3,669,1,Other
diag_3,152,1,Other
diag_3,141,1,Other
diag_3,910,1,Other
diag_3,E900,1,Other
diag_3,215,1,Other
diag_3,834,1,Other
diag_3,E945,1,Other
diag_3,448,1,Other
diag_3,49,1,Other
diag_3,876,1,Other
diag_3,57,1,Other
diag_3,E855,1,Other
diag_3,943,1,Other
diag_3,E854,1,Other
diag_3,655,1,Other
diag_3,480,1,Other
diag_3,259,1,Other
diag_3,370,1,Other
diag_3,671,1,Other
diag_3,47,1,Other
diag_3,27,1,Other
diag_3,E861,1,Other
diag_3,524,1,Other
diag_3,919,1,Other
diag_3,732,1,Other
diag_3,341,1,Other
diag_3,697,1,Other
diag_3,308,1,Other
diag_3,744,1,Other
diag_3,816,1,Other
diag_3,811,1,Other
diag_3,271,1,Other
diag_3,653,1,Other
diag_3,243,1,Other
diag_3,602,1,Other
diag_3,864,1,Other
diag_3,871,1,Other
