request_id,time_in_hospital,number_inpatient,number_emergency,number_outpatient,age,gender,admission_type_id,admission_source_id,discharge_disposition_id,medical_specialty
demo-0001,2,0,0,0,[40-50),Female,3,1,1,InternalMedicine
demo-0002,7,4,2,1,[60-70),Male,1,7,6,Cardiology
demo-0003,5,0,0,0,[70-80),Female,3,7,22,PhysicalMedicineandRehabilitation
demo-0004,2,0,0,0,[40-50),Female,3,1,1,InternalMedicine
demo-0005,7,4,2,1,[60-70),Male,1,7,6,Cardiology
demo-0006,5,0,0,0,[70-80),Female,3,7,22,PhysicalMedicineandRehabilitation
demo-0007,2,0,0,0,[40-50),Female,3,1,1,InternalMedicine
demo-0008,7,4,2,1,[60-70),Male,1,7,6,Cardiology
demo-0009,5,0,0,0,[70-80),Female,3,7,22,PhysicalMedicineandRehabilitation
demo-0010,2,0,0,0,[40-50),Female,3,1,1,InternalMedicine
demo-0011,7,4,2,1,[60-70),Male,1,7,6,Cardiology
demo-0012,5,0,0,0,[70-80),Female,3,7,22,PhysicalMedicineandRehabilitation
demo-0013,2,0,0,0,[40-50),Female,3,1,1,InternalMedicine
demo-0014,7,4,2,1,[60-70),Male,1,7,6,Cardiology
demo-0015,5,0,0,0,[70-80),Female,3,7,22,PhysicalMedicineandRehabilitation
demo-0016,2,0,0,0,[40-50),Female,3,1,1,InternalMedicine
demo-0017,7,4,2,1,[60-70),Male,1,7,6,Cardiology
demo-0018,5,0,0,0,[70-80),Female,3,7,22,PhysicalMedicineandRehabilitation
demo-0019,2,0,0,0,[40-50),Female,3,1,1,InternalMedicine
demo-0020,7,4,2,1,[60-70),Male,1,7,6,Cardiology
